table,condId,quantity,value,source
IV,R0_v23_repro,runs,2,R0_v23_repro/R0_v23_repro_r01_20260926_141207.mat;R0_v23_repro/R0_v23_repro_r02_20260926_141454.mat
IV,R0_v23_repro,completed,2,R0_v23_repro/R0_v23_repro_r01_20260926_141207.mat;R0_v23_repro/R0_v23_repro_r02_20260926_141454.mat
IV,R0_v23_repro,rms_mean,0.058848606183548854,R0_v23_repro/R0_v23_repro_r01_20260926_141207.mat;R0_v23_repro/R0_v23_repro_r02_20260926_141454.mat
IV,R0_v23_repro,rms_sd,0.0006405404436431855,R0_v23_repro/R0_v23_repro_r01_20260926_141207.mat;R0_v23_repro/R0_v23_repro_r02_20260926_141454.mat
IV,R0_v23_repro,rms_first_mean,0.02185731742720247,R0_v23_repro/R0_v23_repro_r01_20260926_141207.mat;R0_v23_repro/R0_v23_repro_r02_20260926_141454.mat
IV,R0_v23_repro,max_mean,0.1694719928362028,R0_v23_repro/R0_v23_repro_r01_20260926_141207.mat;R0_v23_repro/R0_v23_repro_r02_20260926_141454.mat
IV,R0_v23_repro,loop_mean_ms_median,100.51458354466047,R0_v23_repro/R0_v23_repro_r01_20260926_141207.mat;R0_v23_repro/R0_v23_repro_r02_20260926_141454.mat
IV,T10_nom,runs,5,T10_nom/T10_nom_r01_20260926_141757.mat;T10_nom/T10_nom_r02_20260926_141904.mat;T10_nom/T10_nom_r03_20260926_142016.mat;T10_nom/T10_nom_r04_20260926_142120.mat;T10_nom/T10_nom_r05_20260926_142400.mat
IV,T10_nom,completed,5,T10_nom/T10_nom_r01_20260926_141757.mat;T10_nom/T10_nom_r02_20260926_141904.mat;T10_nom/T10_nom_r03_20260926_142016.mat;T10_nom/T10_nom_r04_20260926_142120.mat;T10_nom/T10_nom_r05_20260926_142400.mat
IV,T10_nom,rms_mean,0.053469340203225045,T10_nom/T10_nom_r01_20260926_141757.mat;T10_nom/T10_nom_r02_20260926_141904.mat;T10_nom/T10_nom_r03_20260926_142016.mat;T10_nom/T10_nom_r04_20260926_142120.mat;T10_nom/T10_nom_r05_20260926_142400.mat
IV,T10_nom,rms_sd,0.001224701742881926,T10_nom/T10_nom_r01_20260926_141757.mat;T10_nom/T10_nom_r02_20260926_141904.mat;T10_nom/T10_nom_r03_20260926_142016.mat;T10_nom/T10_nom_r04_20260926_142120.mat;T10_nom/T10_nom_r05_20260926_142400.mat
IV,T10_nom,rms_first_mean,0.009564410501333916,T10_nom/T10_nom_r01_20260926_141757.mat;T10_nom/T10_nom_r02_20260926_141904.mat;T10_nom/T10_nom_r03_20260926_142016.mat;T10_nom/T10_nom_r04_20260926_142120.mat;T10_nom/T10_nom_r05_20260926_142400.mat
IV,T10_nom,max_mean,0.15852715437376702,T10_nom/T10_nom_r01_20260926_141757.mat;T10_nom/T10_nom_r02_20260926_141904.mat;T10_nom/T10_nom_r03_20260926_142016.mat;T10_nom/T10_nom_r04_20260926_142120.mat;T10_nom/T10_nom_r05_20260926_142400.mat
IV,T10_nom,loop_mean_ms_median,100.00192857142858,T10_nom/T10_nom_r01_20260926_141757.mat;T10_nom/T10_nom_r02_20260926_141904.mat;T10_nom/T10_nom_r03_20260926_142016.mat;T10_nom/T10_nom_r04_20260926_142120.mat;T10_nom/T10_nom_r05_20260926_142400.mat
IV,T40_cdr_nom,runs,5,T40_cdr_nom/T40_cdr_nom_r01_20260926_141831.mat;T40_cdr_nom/T40_cdr_nom_r02_20260926_141934.mat;T40_cdr_nom/T40_cdr_nom_r03_20260926_142047.mat;T40_cdr_nom/T40_cdr_nom_r04_20260926_142159.mat;T40_cdr_nom/T40_cdr_nom_r05_20260926_142228.mat
IV,T40_cdr_nom,completed,5,T40_cdr_nom/T40_cdr_nom_r01_20260926_141831.mat;T40_cdr_nom/T40_cdr_nom_r02_20260926_141934.mat;T40_cdr_nom/T40_cdr_nom_r03_20260926_142047.mat;T40_cdr_nom/T40_cdr_nom_r04_20260926_142159.mat;T40_cdr_nom/T40_cdr_nom_r05_20260926_142228.mat
IV,T40_cdr_nom,rms_mean,0.05332902443602765,T40_cdr_nom/T40_cdr_nom_r01_20260926_141831.mat;T40_cdr_nom/T40_cdr_nom_r02_20260926_141934.mat;T40_cdr_nom/T40_cdr_nom_r03_20260926_142047.mat;T40_cdr_nom/T40_cdr_nom_r04_20260926_142159.mat;T40_cdr_nom/T40_cdr_nom_r05_20260926_142228.mat
IV,T40_cdr_nom,rms_sd,0.00041907641812808847,T40_cdr_nom/T40_cdr_nom_r01_20260926_141831.mat;T40_cdr_nom/T40_cdr_nom_r02_20260926_141934.mat;T40_cdr_nom/T40_cdr_nom_r03_20260926_142047.mat;T40_cdr_nom/T40_cdr_nom_r04_20260926_142159.mat;T40_cdr_nom/T40_cdr_nom_r05_20260926_142228.mat
IV,T40_cdr_nom,rms_first_mean,0.014797345030730907,T40_cdr_nom/T40_cdr_nom_r01_20260926_141831.mat;T40_cdr_nom/T40_cdr_nom_r02_20260926_141934.mat;T40_cdr_nom/T40_cdr_nom_r03_20260926_142047.mat;T40_cdr_nom/T40_cdr_nom_r04_20260926_142159.mat;T40_cdr_nom/T40_cdr_nom_r05_20260926_142228.mat
IV,T40_cdr_nom,max_mean,0.15480467389350328,T40_cdr_nom/T40_cdr_nom_r01_20260926_141831.mat;T40_cdr_nom/T40_cdr_nom_r02_20260926_141934.mat;T40_cdr_nom/T40_cdr_nom_r03_20260926_142047.mat;T40_cdr_nom/T40_cdr_nom_r04_20260926_142159.mat;T40_cdr_nom/T40_cdr_nom_r05_20260926_142228.mat
IV,T40_cdr_nom,loop_mean_ms_median,50.133538461538464,T40_cdr_nom/T40_cdr_nom_r01_20260926_141831.mat;T40_cdr_nom/T40_cdr_nom_r02_20260926_141934.mat;T40_cdr_nom/T40_cdr_nom_r03_20260926_142047.mat;T40_cdr_nom/T40_cdr_nom_r04_20260926_142159.mat;T40_cdr_nom/T40_cdr_nom_r05_20260926_142228.mat
IV,T40_ppo_nom,runs,5,T40_ppo_nom/T40_ppo_nom_r01_20260926_142752.mat;T40_ppo_nom/T40_ppo_nom_r02_20260926_142820.mat;T40_ppo_nom/T40_ppo_nom_r03_20260926_142900.mat;T40_ppo_nom/T40_ppo_nom_r04_20260926_142925.mat;T40_ppo_nom/T40_ppo_nom_r05_20260926_142950.mat
IV,T40_ppo_nom,completed,5,T40_ppo_nom/T40_ppo_nom_r01_20260926_142752.mat;T40_ppo_nom/T40_ppo_nom_r02_20260926_142820.mat;T40_ppo_nom/T40_ppo_nom_r03_20260926_142900.mat;T40_ppo_nom/T40_ppo_nom_r04_20260926_142925.mat;T40_ppo_nom/T40_ppo_nom_r05_20260926_142950.mat
IV,T40_ppo_nom,rms_mean,0.024127124161926024,T40_ppo_nom/T40_ppo_nom_r01_20260926_142752.mat;T40_ppo_nom/T40_ppo_nom_r02_20260926_142820.mat;T40_ppo_nom/T40_ppo_nom_r03_20260926_142900.mat;T40_ppo_nom/T40_ppo_nom_r04_20260926_142925.mat;T40_ppo_nom/T40_ppo_nom_r05_20260926_142950.mat
IV,T40_ppo_nom,rms_sd,0.00029814698429914805,T40_ppo_nom/T40_ppo_nom_r01_20260926_142752.mat;T40_ppo_nom/T40_ppo_nom_r02_20260926_142820.mat;T40_ppo_nom/T40_ppo_nom_r03_20260926_142900.mat;T40_ppo_nom/T40_ppo_nom_r04_20260926_142925.mat;T40_ppo_nom/T40_ppo_nom_r05_20260926_142950.mat
IV,T40_ppo_nom,rms_first_mean,0.0213617222701658,T40_ppo_nom/T40_ppo_nom_r01_20260926_142752.mat;T40_ppo_nom/T40_ppo_nom_r02_20260926_142820.mat;T40_ppo_nom/T40_ppo_nom_r03_20260926_142900.mat;T40_ppo_nom/T40_ppo_nom_r04_20260926_142925.mat;T40_ppo_nom/T40_ppo_nom_r05_20260926_142950.mat
IV,T40_ppo_nom,max_mean,0.0439717188739553,T40_ppo_nom/T40_ppo_nom_r01_20260926_142752.mat;T40_ppo_nom/T40_ppo_nom_r02_20260926_142820.mat;T40_ppo_nom/T40_ppo_nom_r03_20260926_142900.mat;T40_ppo_nom/T40_ppo_nom_r04_20260926_142925.mat;T40_ppo_nom/T40_ppo_nom_r05_20260926_142950.mat
IV,T40_ppo_nom,loop_mean_ms_median,50.15513017751478,T40_ppo_nom/T40_ppo_nom_r01_20260926_142752.mat;T40_ppo_nom/T40_ppo_nom_r02_20260926_142820.mat;T40_ppo_nom/T40_ppo_nom_r03_20260926_142900.mat;T40_ppo_nom/T40_ppo_nom_r04_20260926_142925.mat;T40_ppo_nom/T40_ppo_nom_r05_20260926_142950.mat
III,M_send,median_ms,25.002000000000635,M_send/M_send_r01_20260926_140518.mat;M_send/M_send_r02_20260926_140638.mat;M_send/M_send_r03_20260926_140748.mat
III,M_fb,median_ms,50.006999999999024,M_fb/M_fb_r01_20260926_140536.mat;M_fb/M_fb_r02_20260926_140659.mat;M_fb/M_fb_r03_20260926_140811.mat
III,M_fk,median_ms,50.00599999999977,M_fk/M_fk_r01_20260926_140602.mat;M_fk/M_fk_r02_20260926_140719.mat;M_fk/M_fk_r03_20260926_140829.mat
III,M_full,median_ms,50.003999999999934,M_full/M_full_r01_20260926_140622.mat;M_full/M_full_r02_20260926_140739.mat;M_full/M_full_r03_20260926_140849.mat
III,R0_v23_repro,tracking_median_ms,100.00099999999978,R0_v23_repro/R0_v23_repro_r01_20260926_141207.mat;R0_v23_repro/R0_v23_repro_r02_20260926_141454.mat
III,T10_nom,tracking_median_ms,99.99999999999964,T10_nom/T10_nom_r01_20260926_141757.mat;T10_nom/T10_nom_r02_20260926_141904.mat;T10_nom/T10_nom_r03_20260926_142016.mat;T10_nom/T10_nom_r04_20260926_142120.mat;T10_nom/T10_nom_r05_20260926_142400.mat
III,T40_cdr_nom,tracking_median_ms,50.033999999999246,T40_cdr_nom/T40_cdr_nom_r01_20260926_141831.mat;T40_cdr_nom/T40_cdr_nom_r02_20260926_141934.mat;T40_cdr_nom/T40_cdr_nom_r03_20260926_142047.mat;T40_cdr_nom/T40_cdr_nom_r04_20260926_142159.mat;T40_cdr_nom/T40_cdr_nom_r05_20260926_142228.mat
III,T40_ppo_nom,tracking_median_ms,49.97199999999968,T40_ppo_nom/T40_ppo_nom_r01_20260926_142752.mat;T40_ppo_nom/T40_ppo_nom_r02_20260926_142820.mat;T40_ppo_nom/T40_ppo_nom_r03_20260926_142900.mat;T40_ppo_nom/T40_ppo_nom_r04_20260926_142925.mat;T40_ppo_nom/T40_ppo_nom_r05_20260926_142950.mat
setpoint_hw,S0_repro073/S00,d0_mm,172.88979918226744,S0_repro073/S0_repro073_S00_r01_20260926_151057.mat
setpoint_hw,S0_repro073/S00,final_mm_mean,16.7442886905661,S0_repro073/S0_repro073_S00_r01_20260926_151057.mat
setpoint_hw,S0_repro073/S00,closest_mm_mean,16.7442886905661,S0_repro073/S0_repro073_S00_r01_20260926_151057.mat
setpoint_hw,S0_repro073/S00,successes,1,S0_repro073/S0_repro073_S00_r01_20260926_151057.mat
setpoint_hw,S0_repro073/S00,runs,1,S0_repro073/S0_repro073_S00_r01_20260926_151057.mat
setpoint_hw,S0_repro073,success_rate_50mm,1.0,S0_repro073/S0_repro073_S00_r01_20260926_151057.mat
setpoint_hw,S10_nom/S02,d0_mm,102.0964839743726,S10_nom/S10_nom_S02_r01_20260926_151312.mat;S10_nom/S10_nom_S02_r02_20260926_153337.mat
setpoint_hw,S10_nom/S02,final_mm_mean,11.995481723072801,S10_nom/S10_nom_S02_r01_20260926_151312.mat;S10_nom/S10_nom_S02_r02_20260926_153337.mat
setpoint_hw,S10_nom/S02,closest_mm_mean,11.995481723072801,S10_nom/S10_nom_S02_r01_20260926_151312.mat;S10_nom/S10_nom_S02_r02_20260926_153337.mat
setpoint_hw,S10_nom/S02,successes,2,S10_nom/S10_nom_S02_r01_20260926_151312.mat;S10_nom/S10_nom_S02_r02_20260926_153337.mat
setpoint_hw,S10_nom/S02,runs,2,S10_nom/S10_nom_S02_r01_20260926_151312.mat;S10_nom/S10_nom_S02_r02_20260926_153337.mat
setpoint_hw,S10_nom/S01,d0_mm,115.09552081712161,S10_nom/S10_nom_S01_r01_20260926_151350.mat;S10_nom/S10_nom_S01_r02_20260926_153355.mat
setpoint_hw,S10_nom/S01,final_mm_mean,15.072251963584533,S10_nom/S10_nom_S01_r01_20260926_151350.mat;S10_nom/S10_nom_S01_r02_20260926_153355.mat
setpoint_hw,S10_nom/S01,closest_mm_mean,15.072251963584533,S10_nom/S10_nom_S01_r01_20260926_151350.mat;S10_nom/S10_nom_S01_r02_20260926_153355.mat
setpoint_hw,S10_nom/S01,successes,2,S10_nom/S10_nom_S01_r01_20260926_151350.mat;S10_nom/S10_nom_S01_r02_20260926_153355.mat
setpoint_hw,S10_nom/S01,runs,2,S10_nom/S10_nom_S01_r01_20260926_151350.mat;S10_nom/S10_nom_S01_r02_20260926_153355.mat
setpoint_hw,S10_nom/S03,d0_mm,192.08634457593325,S10_nom/S10_nom_S03_r01_20260926_151418.mat;S10_nom/S10_nom_S03_r02_20260926_153321.mat
setpoint_hw,S10_nom/S03,final_mm_mean,14.703317690585946,S10_nom/S10_nom_S03_r01_20260926_151418.mat;S10_nom/S10_nom_S03_r02_20260926_153321.mat
setpoint_hw,S10_nom/S03,closest_mm_mean,14.703317690585946,S10_nom/S10_nom_S03_r01_20260926_151418.mat;S10_nom/S10_nom_S03_r02_20260926_153321.mat
setpoint_hw,S10_nom/S03,successes,2,S10_nom/S10_nom_S03_r01_20260926_151418.mat;S10_nom/S10_nom_S03_r02_20260926_153321.mat
setpoint_hw,S10_nom/S03,runs,2,S10_nom/S10_nom_S03_r01_20260926_151418.mat;S10_nom/S10_nom_S03_r02_20260926_153321.mat
setpoint_hw,S10_nom/S00,d0_mm,203.70768547924848,S10_nom/S10_nom_S00_r01_20260926_151501.mat;S10_nom/S10_nom_S00_r02_20260926_153433.mat
setpoint_hw,S10_nom/S00,final_mm_mean,22.642636447828227,S10_nom/S10_nom_S00_r01_20260926_151501.mat;S10_nom/S10_nom_S00_r02_20260926_153433.mat
setpoint_hw,S10_nom/S00,closest_mm_mean,22.642636447828227,S10_nom/S10_nom_S00_r01_20260926_151501.mat;S10_nom/S10_nom_S00_r02_20260926_153433.mat
setpoint_hw,S10_nom/S00,successes,2,S10_nom/S10_nom_S00_r01_20260926_151501.mat;S10_nom/S10_nom_S00_r02_20260926_153433.mat
setpoint_hw,S10_nom/S00,runs,2,S10_nom/S10_nom_S00_r01_20260926_151501.mat;S10_nom/S10_nom_S00_r02_20260926_153433.mat
setpoint_hw,S10_nom/S04,d0_mm,223.4517350174845,S10_nom/S10_nom_S04_r01_20260926_151559.mat;S10_nom/S10_nom_S04_r02_20260926_153254.mat
setpoint_hw,S10_nom/S04,final_mm_mean,22.025161206951317,S10_nom/S10_nom_S04_r01_20260926_151559.mat;S10_nom/S10_nom_S04_r02_20260926_153254.mat
setpoint_hw,S10_nom/S04,closest_mm_mean,20.415997847556387,S10_nom/S10_nom_S04_r01_20260926_151559.mat;S10_nom/S10_nom_S04_r02_20260926_153254.mat
setpoint_hw,S10_nom/S04,successes,2,S10_nom/S10_nom_S04_r01_20260926_151559.mat;S10_nom/S10_nom_S04_r02_20260926_153254.mat
setpoint_hw,S10_nom/S04,runs,2,S10_nom/S10_nom_S04_r01_20260926_151559.mat;S10_nom/S10_nom_S04_r02_20260926_153254.mat
setpoint_hw,S10_nom/S06,d0_mm,340.05476619430493,S10_nom/S10_nom_S06_r01_20260926_151714.mat;S10_nom/S10_nom_S06_r02_20260926_153152.mat
setpoint_hw,S10_nom/S06,final_mm_mean,16.643812467896243,S10_nom/S10_nom_S06_r01_20260926_151714.mat;S10_nom/S10_nom_S06_r02_20260926_153152.mat
setpoint_hw,S10_nom/S06,closest_mm_mean,16.643812467896243,S10_nom/S10_nom_S06_r01_20260926_151714.mat;S10_nom/S10_nom_S06_r02_20260926_153152.mat
setpoint_hw,S10_nom/S06,successes,2,S10_nom/S10_nom_S06_r01_20260926_151714.mat;S10_nom/S10_nom_S06_r02_20260926_153152.mat
setpoint_hw,S10_nom/S06,runs,2,S10_nom/S10_nom_S06_r01_20260926_151714.mat;S10_nom/S10_nom_S06_r02_20260926_153152.mat
setpoint_hw,S10_nom/S05,d0_mm,353.08069762328074,S10_nom/S10_nom_S05_r01_20260926_151652.mat;S10_nom/S10_nom_S05_r02_20260926_153212.mat
setpoint_hw,S10_nom/S05,final_mm_mean,11.078704779758581,S10_nom/S10_nom_S05_r01_20260926_151652.mat;S10_nom/S10_nom_S05_r02_20260926_153212.mat
setpoint_hw,S10_nom/S05,closest_mm_mean,11.078704779758581,S10_nom/S10_nom_S05_r01_20260926_151652.mat;S10_nom/S10_nom_S05_r02_20260926_153212.mat
setpoint_hw,S10_nom/S05,successes,2,S10_nom/S10_nom_S05_r01_20260926_151652.mat;S10_nom/S10_nom_S05_r02_20260926_153212.mat
setpoint_hw,S10_nom/S05,runs,2,S10_nom/S10_nom_S05_r01_20260926_151652.mat;S10_nom/S10_nom_S05_r02_20260926_153212.mat
setpoint_hw,S10_nom/S08,d0_mm,480.0178719350685,S10_nom/S10_nom_S08_r01_20260926_151802.mat;S10_nom/S10_nom_S08_r02_20260926_153059.mat
setpoint_hw,S10_nom/S08,final_mm_mean,13.94533189775873,S10_nom/S10_nom_S08_r01_20260926_151802.mat;S10_nom/S10_nom_S08_r02_20260926_153059.mat
setpoint_hw,S10_nom/S08,closest_mm_mean,13.94533189775873,S10_nom/S10_nom_S08_r01_20260926_151802.mat;S10_nom/S10_nom_S08_r02_20260926_153059.mat
setpoint_hw,S10_nom/S08,successes,2,S10_nom/S10_nom_S08_r01_20260926_151802.mat;S10_nom/S10_nom_S08_r02_20260926_153059.mat
setpoint_hw,S10_nom/S08,runs,2,S10_nom/S10_nom_S08_r01_20260926_151802.mat;S10_nom/S10_nom_S08_r02_20260926_153059.mat
setpoint_hw,S10_nom/S07,d0_mm,506.838311148162,S10_nom/S10_nom_S07_r01_20260926_151736.mat;S10_nom/S10_nom_S07_r02_20260926_153127.mat
setpoint_hw,S10_nom/S07,final_mm_mean,9.035240139229225,S10_nom/S10_nom_S07_r01_20260926_151736.mat;S10_nom/S10_nom_S07_r02_20260926_153127.mat
setpoint_hw,S10_nom/S07,closest_mm_mean,9.035240139229225,S10_nom/S10_nom_S07_r01_20260926_151736.mat;S10_nom/S10_nom_S07_r02_20260926_153127.mat
setpoint_hw,S10_nom/S07,successes,2,S10_nom/S10_nom_S07_r01_20260926_151736.mat;S10_nom/S10_nom_S07_r02_20260926_153127.mat
setpoint_hw,S10_nom/S07,runs,2,S10_nom/S10_nom_S07_r01_20260926_151736.mat;S10_nom/S10_nom_S07_r02_20260926_153127.mat
setpoint_hw,S10_nom/S10,d0_mm,682.5657036318842,S10_nom/S10_nom_S10_r01_20260926_151854.mat;S10_nom/S10_nom_S10_r02_20260926_152955.mat
setpoint_hw,S10_nom/S10,final_mm_mean,15.546938233638732,S10_nom/S10_nom_S10_r01_20260926_151854.mat;S10_nom/S10_nom_S10_r02_20260926_152955.mat
setpoint_hw,S10_nom/S10,closest_mm_mean,13.454533061372,S10_nom/S10_nom_S10_r01_20260926_151854.mat;S10_nom/S10_nom_S10_r02_20260926_152955.mat
setpoint_hw,S10_nom/S10,successes,2,S10_nom/S10_nom_S10_r01_20260926_151854.mat;S10_nom/S10_nom_S10_r02_20260926_152955.mat
setpoint_hw,S10_nom/S10,runs,2,S10_nom/S10_nom_S10_r01_20260926_151854.mat;S10_nom/S10_nom_S10_r02_20260926_152955.mat
setpoint_hw,S10_nom/S09,d0_mm,685.0293923133897,S10_nom/S10_nom_S09_r01_20260926_151828.mat;S10_nom/S10_nom_S09_r02_20260926_153022.mat
setpoint_hw,S10_nom/S09,final_mm_mean,15.191816772268403,S10_nom/S10_nom_S09_r01_20260926_151828.mat;S10_nom/S10_nom_S09_r02_20260926_153022.mat
setpoint_hw,S10_nom/S09,closest_mm_mean,15.191816772268403,S10_nom/S10_nom_S09_r01_20260926_151828.mat;S10_nom/S10_nom_S09_r02_20260926_153022.mat
setpoint_hw,S10_nom/S09,successes,2,S10_nom/S10_nom_S09_r01_20260926_151828.mat;S10_nom/S10_nom_S09_r02_20260926_153022.mat
setpoint_hw,S10_nom/S09,runs,2,S10_nom/S10_nom_S09_r01_20260926_151828.mat;S10_nom/S10_nom_S09_r02_20260926_153022.mat
setpoint_hw,S10_nom/S11,d0_mm,890.5249209047977,S10_nom/S10_nom_S11_r01_20260926_151922.mat;S10_nom/S10_nom_S11_r02_20260926_152934.mat
setpoint_hw,S10_nom/S11,final_mm_mean,4.9822298248567645,S10_nom/S10_nom_S11_r01_20260926_151922.mat;S10_nom/S10_nom_S11_r02_20260926_152934.mat
setpoint_hw,S10_nom/S11,closest_mm_mean,4.9822298248567645,S10_nom/S10_nom_S11_r01_20260926_151922.mat;S10_nom/S10_nom_S11_r02_20260926_152934.mat
setpoint_hw,S10_nom/S11,successes,2,S10_nom/S10_nom_S11_r01_20260926_151922.mat;S10_nom/S10_nom_S11_r02_20260926_152934.mat
setpoint_hw,S10_nom/S11,runs,2,S10_nom/S10_nom_S11_r01_20260926_151922.mat;S10_nom/S10_nom_S11_r02_20260926_152934.mat
setpoint_hw,S10_nom/S12,d0_mm,918.7933368950249,S10_nom/S10_nom_S12_r01_20260926_152155.mat;S10_nom/S10_nom_S12_r02_20260926_152906.mat
setpoint_hw,S10_nom/S12,final_mm_mean,17.429974080870686,S10_nom/S10_nom_S12_r01_20260926_152155.mat;S10_nom/S10_nom_S12_r02_20260926_152906.mat
setpoint_hw,S10_nom/S12,closest_mm_mean,17.417602249154864,S10_nom/S10_nom_S12_r01_20260926_152155.mat;S10_nom/S10_nom_S12_r02_20260926_152906.mat
setpoint_hw,S10_nom/S12,successes,2,S10_nom/S10_nom_S12_r01_20260926_152155.mat;S10_nom/S10_nom_S12_r02_20260926_152906.mat
setpoint_hw,S10_nom/S12,runs,2,S10_nom/S10_nom_S12_r01_20260926_152155.mat;S10_nom/S10_nom_S12_r02_20260926_152906.mat
setpoint_hw,S10_nom/S14,d0_mm,1101.5751750176141,S10_nom/S10_nom_S14_r01_20260926_152316.mat;S10_nom/S10_nom_S14_r02_20260926_152758.mat
setpoint_hw,S10_nom/S14,final_mm_mean,8.08604122015264,S10_nom/S10_nom_S14_r01_20260926_152316.mat;S10_nom/S10_nom_S14_r02_20260926_152758.mat
setpoint_hw,S10_nom/S14,closest_mm_mean,8.08604122015264,S10_nom/S10_nom_S14_r01_20260926_152316.mat;S10_nom/S10_nom_S14_r02_20260926_152758.mat
setpoint_hw,S10_nom/S14,successes,2,S10_nom/S10_nom_S14_r01_20260926_152316.mat;S10_nom/S10_nom_S14_r02_20260926_152758.mat
setpoint_hw,S10_nom/S14,runs,2,S10_nom/S10_nom_S14_r01_20260926_152316.mat;S10_nom/S10_nom_S14_r02_20260926_152758.mat
setpoint_hw,S10_nom/S13,d0_mm,1114.1346830053697,S10_nom/S10_nom_S13_r01_20260926_152248.mat;S10_nom/S10_nom_S13_r02_20260926_152838.mat
setpoint_hw,S10_nom/S13,final_mm_mean,18.905200854969927,S10_nom/S10_nom_S13_r01_20260926_152248.mat;S10_nom/S10_nom_S13_r02_20260926_152838.mat
setpoint_hw,S10_nom/S13,closest_mm_mean,18.86155327874656,S10_nom/S10_nom_S13_r01_20260926_152248.mat;S10_nom/S10_nom_S13_r02_20260926_152838.mat
setpoint_hw,S10_nom/S13,successes,2,S10_nom/S10_nom_S13_r01_20260926_152248.mat;S10_nom/S10_nom_S13_r02_20260926_152838.mat
setpoint_hw,S10_nom/S13,runs,2,S10_nom/S10_nom_S13_r01_20260926_152248.mat;S10_nom/S10_nom_S13_r02_20260926_152838.mat
setpoint_hw,S10_nom,success_rate_50mm,1.0,S10_nom/S10_nom_S00_r01_20260926_151501.mat;S10_nom/S10_nom_S00_r02_20260926_153433.mat;S10_nom/S10_nom_S01_r01_20260926_151350.mat;S10_nom/S10_nom_S01_r02_20260926_153355.mat;S10_nom/S10_nom_S02_r01_20260926_151312.mat;S10_nom/S10_nom_S02_r02_20260926_153337.mat;S10_nom/S10_nom_S03_r01_20260926_151418.mat;S10_nom/S10_nom_S03_r02_20260926_153321.mat;S10_nom/S10_nom_S04_r01_20260926_151559.mat;S10_nom/S10_nom_S04_r02_20260926_153254.mat;S10_nom/S10_nom_S05_r01_20260926_151652.mat;S10_nom/S10_nom_S05_r02_20260926_153212.mat;S10_nom/S10_nom_S06_r01_20260926_151714.mat;S10_nom/S10_nom_S06_r02_20260926_153152.mat;S10_nom/S10_nom_S07_r01_20260926_151736.mat;S10_nom/S10_nom_S07_r02_20260926_153127.mat;S10_nom/S10_nom_S08_r01_20260926_151802.mat;S10_nom/S10_nom_S08_r02_20260926_153059.mat;S10_nom/S10_nom_S09_r01_20260926_151828.mat;S10_nom/S10_nom_S09_r02_20260926_153022.mat;S10_nom/S10_nom_S10_r01_20260926_151854.mat;S10_nom/S10_nom_S10_r02_20260926_152955.mat;S10_nom/S10_nom_S11_r01_20260926_151922.mat;S10_nom/S10_nom_S11_r02_20260926_152934.mat;S10_nom/S10_nom_S12_r01_20260926_152155.mat;S10_nom/S10_nom_S12_r02_20260926_152906.mat;S10_nom/S10_nom_S13_r01_20260926_152248.mat;S10_nom/S10_nom_S13_r02_20260926_152838.mat;S10_nom/S10_nom_S14_r01_20260926_152316.mat;S10_nom/S10_nom_S14_r02_20260926_152758.mat
