file,condId,repetition,datetime,dryRun,agent,rateHz,pathDuration,cmdScale,stopReason,nSteps,tEnd,rmsEp,maxEp,loopMean_ms,gitHash,scriptVersion
"R0_v23_repro_r01_20260926_141207.mat","R0_v23_repro",1,"2026-09-26T14:11:34",0,"PPO 10 Hz",10,17,0.35,"completed",169,16.9282,0.0583957,0.16896,100.762,"4388ebb","V2.4"
"R0_v23_repro_r02_20260926_141454.mat","R0_v23_repro",2,"2026-09-26T14:14:27",0,"PPO 10 Hz",10,17,0.35,"completed",170,16.9458,0.0593015,0.169984,100.267,"4388ebb","V2.4"
"T10_nom_r01_20260926_141757.mat","T10_nom",1,"2026-09-26T14:17:37",0,"PPO 10 Hz",10,8.5,1,"completed",85,8.40337,0.0534207,0.158353,100.039,"4388ebb","V2.4"
"T40_cdr_nom_r01_20260926_141831.mat","T40_cdr_nom",1,"2026-09-26T14:18:10",0,"CDR2-4 40 Hz",40,8.5,1,"completed",170,8.47262,0.0537782,0.155707,50.1335,"4388ebb","V2.4"
"T10_nom_r02_20260926_141904.mat","T10_nom",2,"2026-09-26T14:18:45",0,"PPO 10 Hz",10,8.5,1,"completed",86,8.49983,0.055463,0.162989,99.9976,"4388ebb","V2.4"
"T40_cdr_nom_r02_20260926_141934.mat","T40_cdr_nom",2,"2026-09-26T14:19:15",0,"CDR2-4 40 Hz",40,8.5,1,"completed",170,8.47635,0.0533892,0.155012,50.1559,"4388ebb","V2.4"
"T10_nom_r03_20260926_142016.mat","T10_nom",3,"2026-09-26T14:19:57",0,"PPO 10 Hz",10,8.5,1,"completed",85,8.40017,0.053532,0.158314,100.002,"4388ebb","V2.4"
"T40_cdr_nom_r03_20260926_142047.mat","T40_cdr_nom",3,"2026-09-26T14:20:26",0,"CDR2-4 40 Hz",40,8.5,1,"completed",170,8.47597,0.0536823,0.155636,50.1536,"4388ebb","V2.4"
"T10_nom_r04_20260926_142120.mat","T10_nom",4,"2026-09-26T14:21:01",0,"PPO 10 Hz",10,8.5,1,"completed",85,8.40026,0.0524265,0.157008,100.003,"4388ebb","V2.4"
"T40_cdr_nom_r04_20260926_142159.mat","T40_cdr_nom",4,"2026-09-26T14:21:40",0,"CDR2-4 40 Hz",40,8.5,1,"completed",170,8.45454,0.0528871,0.153773,50.0268,"4388ebb","V2.4"
"T40_cdr_nom_r05_20260926_142228.mat","T40_cdr_nom",5,"2026-09-26T14:22:10",0,"CDR2-4 40 Hz",40,8.5,1,"completed",170,8.45454,0.0529083,0.153896,50.0268,"4388ebb","V2.4"
"T10_nom_r05_20260926_142400.mat","T10_nom",5,"2026-09-26T14:23:42",0,"PPO 10 Hz",10,8.5,1,"completed",85,8.40014,0.0525044,0.155972,100.002,"4388ebb","V2.4"
"T40_ppo_nom_r01_20260926_142752.mat","T40_ppo_nom",1,"2026-09-26T14:27:34",0,"PPO 40 Hz (Basis)",40,8.5,1,"completed",170,8.47576,0.0238396,0.0443163,50.1524,"4388ebb","V2.4"
"T40_ppo_nom_r02_20260926_142820.mat","T40_ppo_nom",2,"2026-09-26T14:28:00",0,"PPO 40 Hz (Basis)",40,8.5,1,"completed",169,8.48188,0.024127,0.0428206,50.4874,"4388ebb","V2.4"
"T40_ppo_nom_r03_20260926_142900.mat","T40_ppo_nom",3,"2026-09-26T14:28:40",0,"PPO 40 Hz (Basis)",40,8.5,1,"completed",168,8.45241,0.0244959,0.0416597,50.6132,"4388ebb","V2.4"
"T40_ppo_nom_r04_20260926_142925.mat","T40_ppo_nom",4,"2026-09-26T14:29:05",0,"PPO 40 Hz (Basis)",40,8.5,1,"completed",170,8.47622,0.024345,0.0454491,50.1551,"4388ebb","V2.4"
"T40_ppo_nom_r05_20260926_142950.mat","T40_ppo_nom",5,"2026-09-26T14:29:31",0,"PPO 40 Hz (Basis)",40,8.5,1,"completed",170,8.45445,0.0238281,0.0456129,50.0263,"4388ebb","V2.4"
"S0_repro073_S00_r01_20260926_151057.mat","S0_repro073",1,"2026-09-26T15:10:27",0,"PPO set-point 10 Hz (fixed base)",10,60,0.5,"converged",216,21.6122,0.0647628,0.17289,100.521,"c1e1330","V2.4-SP"
"S10_nom_S02_r01_20260926_151312.mat","S10_nom",1,"2026-09-26T15:12:57",0,"PPO set-point 10 Hz (fixed base)",10,25,1,"converged",32,3.12586,0.0603079,0.102097,100.818,"c1e1330","V2.4-SP"
"S10_nom_S01_r01_20260926_151350.mat","S10_nom",1,"2026-09-26T15:13:37",0,"PPO set-point 10 Hz (fixed base)",10,25,1,"converged",45,4.40046,0.064096,0.115095,100.009,"c1e1330","V2.4-SP"
"S10_nom_S03_r01_20260926_151418.mat","S10_nom",1,"2026-09-26T15:14:04",0,"PPO set-point 10 Hz (fixed base)",10,25,1,"converged",43,4.20043,0.0980808,0.192086,100.009,"c1e1330","V2.4-SP"
"S10_nom_S00_r01_20260926_151501.mat","S10_nom",1,"2026-09-26T15:14:30",0,"PPO set-point 10 Hz (fixed base)",10,25,1,"timeout",251,24.9997,0.0517876,0.203706,99.9985,"c1e1330","V2.4-SP"
"S10_nom_S04_r01_20260926_151559.mat","S10_nom",1,"2026-09-26T15:15:22",0,"PPO set-point 10 Hz (fixed base)",10,25,1,"timeout",250,24.9003,0.0584354,0.22345,100.001,"c1e1330","V2.4-SP"
"S10_nom_S05_r01_20260926_151652.mat","S10_nom",1,"2026-09-26T15:16:37",0,"PPO set-point 10 Hz (fixed base)",10,25,1,"converged",47,4.60018,0.177242,0.35308,100.004,"c1e1330","V2.4-SP"
"S10_nom_S06_r01_20260926_151714.mat","S10_nom",1,"2026-09-26T15:16:58",0,"PPO set-point 10 Hz (fixed base)",10,25,1,"converged",75,7.40025,0.151816,0.340055,100.003,"c1e1330","V2.4-SP"
"S10_nom_S07_r01_20260926_151736.mat","S10_nom",1,"2026-09-26T15:17:20",0,"PPO set-point 10 Hz (fixed base)",10,25,1,"converged",52,5.10038,0.245918,0.506838,100.007,"c1e1330","V2.4-SP"
"S10_nom_S08_r01_20260926_151802.mat","S10_nom",1,"2026-09-26T15:17:41",0,"PPO set-point 10 Hz (fixed base)",10,25,1,"converged",103,10.2002,0.185358,0.480012,100.001,"c1e1330","V2.4-SP"
"S10_nom_S09_r01_20260926_151828.mat","S10_nom",1,"2026-09-26T15:18:07",0,"PPO set-point 10 Hz (fixed base)",10,25,1,"converged",100,9.90045,0.286905,0.685029,100.004,"c1e1330","V2.4-SP"
"S10_nom_S10_r01_20260926_151854.mat","S10_nom",1,"2026-09-26T15:18:36",0,"PPO set-point 10 Hz (fixed base)",10,25,1,"converged",49,4.80016,0.351762,0.682565,100.003,"c1e1330","V2.4-SP"
"S10_nom_S11_r01_20260926_151922.mat","S10_nom",1,"2026-09-26T15:18:59",0,"PPO set-point 10 Hz (fixed base)",10,25,1,"converged",89,8.80039,0.389569,0.890525,100.004,"c1e1330","V2.4-SP"
"S10_nom_S12_r01_20260926_152155.mat","S10_nom",1,"2026-09-26T15:21:32",0,"PPO set-point 10 Hz (fixed base)",10,25,1,"converged",61,6.00018,0.458561,0.918793,100.003,"c1e1330","V2.4-SP"
"S10_nom_S13_r01_20260926_152248.mat","S10_nom",1,"2026-09-26T15:22:01",0,"PPO set-point 10 Hz (fixed base)",10,25,1,"converged",123,12.2002,0.484889,1.11413,100.001,"c1e1330","V2.4-SP"
"S10_nom_S14_r01_20260926_152316.mat","S10_nom",1,"2026-09-26T15:22:55",0,"PPO set-point 10 Hz (fixed base)",10,25,1,"converged",62,6.10018,0.583362,1.10158,100.003,"c1e1330","V2.4-SP"
"S10_nom_S14_r02_20260926_152758.mat","S10_nom",2,"2026-09-26T15:27:41",0,"PPO set-point 10 Hz (fixed base)",10,25,1,"converged",62,6.10017,0.583409,1.10157,100.003,"c1e1330","V2.4-SP"
"S10_nom_S13_r02_20260926_152838.mat","S10_nom",2,"2026-09-26T15:28:03",0,"PPO set-point 10 Hz (fixed base)",10,25,1,"converged",123,12.2003,0.484826,1.11414,100.002,"c1e1330","V2.4-SP"
"S10_nom_S12_r02_20260926_152906.mat","S10_nom",2,"2026-09-26T15:28:48",0,"PPO set-point 10 Hz (fixed base)",10,25,1,"converged",61,6.00017,0.458312,0.918794,100.003,"c1e1330","V2.4-SP"
"S10_nom_S11_r02_20260926_152934.mat","S10_nom",2,"2026-09-26T15:29:12",0,"PPO set-point 10 Hz (fixed base)",10,25,1,"converged",90,8.90025,0.387548,0.890525,100.003,"c1e1330","V2.4-SP"
"S10_nom_S10_r02_20260926_152955.mat","S10_nom",2,"2026-09-26T15:29:40",0,"PPO set-point 10 Hz (fixed base)",10,25,1,"converged",52,5.10022,0.341541,0.682566,100.004,"c1e1330","V2.4-SP"
"S10_nom_S09_r02_20260926_153022.mat","S10_nom",2,"2026-09-26T15:30:01",0,"PPO set-point 10 Hz (fixed base)",10,25,1,"converged",102,10.1001,0.284271,0.68503,100.001,"c1e1330","V2.4-SP"
"S10_nom_S08_r02_20260926_153059.mat","S10_nom",2,"2026-09-26T15:30:32",0,"PPO set-point 10 Hz (fixed base)",10,25,1,"converged",104,10.3003,0.18447,0.480024,100.003,"c1e1330","V2.4-SP"
"S10_nom_S07_r02_20260926_153127.mat","S10_nom",2,"2026-09-26T15:31:06",0,"PPO set-point 10 Hz (fixed base)",10,25,1,"converged",54,5.30021,0.241173,0.506838,100.004,"c1e1330","V2.4-SP"
"S10_nom_S06_r02_20260926_153152.mat","S10_nom",2,"2026-09-26T15:31:34",0,"PPO set-point 10 Hz (fixed base)",10,25,1,"converged",77,7.60017,0.149822,0.340054,100.002,"c1e1330","V2.4-SP"
"S10_nom_S05_r02_20260926_153212.mat","S10_nom",2,"2026-09-26T15:31:58",0,"PPO set-point 10 Hz (fixed base)",10,25,1,"converged",46,4.50042,0.178785,0.353081,100.009,"c1e1330","V2.4-SP"
"S10_nom_S04_r02_20260926_153254.mat","S10_nom",2,"2026-09-26T15:32:19",0,"PPO set-point 10 Hz (fixed base)",10,25,1,"timeout",250,24.9003,0.0583908,0.223453,100.001,"c1e1330","V2.4-SP"
"S10_nom_S03_r02_20260926_153321.mat","S10_nom",2,"2026-09-26T15:33:05",0,"PPO set-point 10 Hz (fixed base)",10,25,1,"converged",42,4.10048,0.099189,0.192087,100.012,"c1e1330","V2.4-SP"
"S10_nom_S02_r02_20260926_153337.mat","S10_nom",2,"2026-09-26T15:33:25",0,"PPO set-point 10 Hz (fixed base)",10,25,1,"converged",33,3.20031,0.0594891,0.102096,100.009,"c1e1330","V2.4-SP"
"S10_nom_S01_r02_20260926_153355.mat","S10_nom",2,"2026-09-26T15:33:42",0,"PPO set-point 10 Hz (fixed base)",10,25,1,"converged",44,4.30056,0.0648595,0.115096,100.013,"c1e1330","V2.4-SP"
"S10_nom_S00_r02_20260926_153433.mat","S10_nom",2,"2026-09-26T15:34:01",0,"PPO set-point 10 Hz (fixed base)",10,25,1,"timeout",250,24.9003,0.0519067,0.203709,100.001,"c1e1330","V2.4-SP"
