episode,reward,avg_reward,q0,steps
1,-515.467450327501,-515.467450327501,1.27053808682831e-05,228
2,-164.110113933228,-339.788782130365,1.27053808682831e-05,340
3,-258.017830912335,-312.531798391022,1.27053808682831e-05,340
4,-171.579462865944,-277.293714509752,1.27053808682831e-05,340
5,-270.12931229258,-275.860834066318,1.27053808682831e-05,340
6,-216.024663129322,-265.888138910152,1.27053808682831e-05,340
7,-168.680504576835,-252.001334005392,1.27053808682831e-05,340
8,-759.151466855891,-315.395100611704,-1.99023985862732,340
9,-232.46816465238,-306.180996616224,-1.99023985862732,340
10,-867.225556947957,-362.285452649397,-1.99023985862732,340
11,-254.860590830225,-352.519556120382,-1.99023985862732,340
12,-808.052087202899,-390.480600377258,-1.99023985862732,340
13,-206.197127022195,-376.304948580715,-1.99023985862732,340
14,-531.93970157543,-387.421716651766,6.0034875869751,340
15,-309.02634500306,-382.195358541852,6.0034875869751,340
16,-984.988088020287,-419.869904134254,6.0034875869751,340
17,-465.699059172935,-422.565736783588,6.0034875869751,200
18,-153.247044691517,-407.603587222918,6.0034875869751,340
19,-632.228768779421,-419.425965199576,6.0034875869751,340
20,-511.3562451385,-424.022479196522,6.0034875869751,340
21,-295.974284230933,-417.924946102923,12.9661655426025,340
22,-406.07622460774,-417.386367853142,12.9661655426025,340
23,-154.123970792956,-405.940176676612,12.9661655426025,340
24,-506.38005923733,-410.125171783308,12.9661655426025,340
25,-308.421342138725,-406.057018597525,12.9661655426025,166
26,-248.966269361138,-395.39697135887,12.9661655426025,340
27,-755.940432534139,-419.070184102907,12.9661655426025,340
28,-336.584732693283,-422.212860174145,19.3522567749023,340
29,-302.421915968243,-427.446558298237,19.3522567749023,340
30,-116.444702394203,-421.299173902302,19.3522567749023,340
31,-312.239515707072,-425.147768005412,19.3522567749023,340
32,-212.020313217854,-426.881360351053,19.3522567749023,340
33,-197.365200148743,-404.409909682767,19.3522567749023,340
34,-184.17432324201,-402.478156026352,33.7949142456055,340
35,-371.298546609783,-382.641075612825,33.7949142456055,340
36,-216.785939482294,-381.118089558908,33.7949142456055,340
37,-270.755967158657,-359.626244757138,33.7949142456055,340
38,-63.3879913852599,-353.913879331661,33.7949142456055,340
39,-303.094111317477,-344.760055721342,33.7949142456055,340
40,-500.752610432619,-352.429106338525,40.5430526733398,340
41,-359.241889358384,-327.399258392049,40.5430526733398,340
42,-152.400002341133,-314.867296118777,40.5430526733398,340
43,-297.631342519887,-320.642668031912,40.5430526733398,340
44,-149.777521316726,-301.344618133404,40.5430526733398,340
45,-207.852111795901,-289.2044527997,40.5430526733398,340
46,-114.599976363575,-281.949480485005,43.0796737670898,340
47,-334.562687606177,-279.088939004943,43.0796737670898,340
48,-169.751865127323,-279.714054778318,43.0796737670898,340
49,-193.016097176177,-267.179496295871,43.0796737670898,340
50,-349.456737123485,-268.820912095262,43.0796737670898,340
51,-319.144169352569,-271.628028094919,43.0796737670898,340
52,-274.311323019643,-252.362863714339,44.2763175964355,340
53,-484.085436174864,-258.262891853602,44.2763175964355,340
54,-213.604724472773,-254.710204193784,44.2763175964355,340
55,-299.213216651839,-262.020944764089,44.2763175964355,340
56,-488.204687662161,-269.059551642293,44.2763175964355,340
57,-196.202410307992,-268.426835525898,44.2763175964355,340
58,134.123463089022,-255.167288996387,48.6712303161621,340
59,-268.541858429714,-258.541990403896,48.6712303161621,340
60,-278.143584093084,-254.815791903228,48.6712303161621,340
61,-154.284636467468,-252.315739782635,48.6712303161621,340
62,-474.762707470252,-260.476009395098,48.6712303161621,340
63,-299.215948529917,-269.909127680885,48.6712303161621,340
64,-238.103121080933,-267.309488071423,47.626392364502,340
65,-371.687321544137,-262.146876515884,47.626392364502,337
66,-174.132648569379,-254.742506884323,47.626392364502,340
67,-366.281571375767,-263.297769645709,47.626392364502,319
68,-400.085522985537,-267.395936864335,47.626392364502,320
69,-313.429839325637,-273.942029584691,47.626392364502,309
70,-302.500694389373,-277.72797288843,47.626392364502,336
71,-221.802036238864,-282.016055283442,52.4192008972168,340
72,-199.560142158915,-276.615953465551,52.4192008972168,320
73,-48.4038390175227,-271.762032421159,52.4192008972168,340
74,-72.0030419097753,-266.921510210503,52.4192008972168,340
75,-274.379425131217,-263.918417730812,52.4192008972168,340
76,-11.6255709702503,-251.61767379552,52.4192008972168,340
77,-159.759201005924,-247.035588914971,51.013542175293,322
78,-238.836599257385,-237.225635438272,51.013542175293,340
79,-326.928083158547,-241.758569785703,51.013542175293,317
80,-299.030769238683,-241.751271889177,51.013542175293,340
81,-255.490671177599,-232.442711229794,51.013542175293,322
82,-242.324749952876,-234.287604815589,51.013542175293,245
83,-246.94415974175,-249.53030972882,51.013542175293,340
84,-297.232266657168,-250.677926057918,59.135082244873,340
85,-58.5986308236834,-241.896127927142,59.135082244873,340
86,-11.9175818505524,-236.201445742466,59.135082244873,340
87,169.768294601841,-210.420205659582,59.135082244873,340
88,-264.450676235209,-209.029594767794,59.135082244873,309
89,205.272756422119,-191.294559667672,59.135082244873,340
90,-119.839612219273,-181.220651294677,58.6150894165039,334
91,-351.880773837769,-188.330576305413,58.6150894165039,332
92,-298.961062671398,-185.637755957238,58.6150894165039,340
93,-191.365450040046,-177.288953039418,58.6150894165039,340
94,-307.726927727102,-177.060836575477,58.6150894165039,340
95,-239.021496135907,-174.521668645338,58.6150894165039,340
96,-171.472474345483,-172.508486169603,60.1174659729004,340
97,-150.884556119246,-170.561462728016,60.1174659729004,340
98,-167.831910259205,-175.338585577684,60.1174659729004,340
99,-225.133568472175,-181.46380664018,60.1174659729004,281
100,-268.343626237947,-181.222374684449,60.1174659729004,340
101,350.157938312172,-166.751034313152,60.1174659729004,340
102,-232.08691913721,-169.644143038403,60.1174659729004,340
103,-248.241884591708,-170.020354451776,60.315013885498,340
104,-149.323443570566,-162.916168868257,60.315013885498,340
105,89.6799376321803,-147.367740593422,60.315013885498,340
106,-339.149414084639,-150.714090309704,60.315013885498,340
107,137.15840745479,-135.534764013397,60.315013885498,340
108,-168.792787671955,-132.408709130606,60.315013885498,340
109,22.9934571882414,-119.599680176789,64.2922668457031,340
110,-101.966148881631,-121.334380899107,64.2922668457031,340
111,0.72531284544204,-120.828665111267,64.2922668457031,340
112,-214.337955556186,-136.192915117588,64.2922668457031,340
113,25.9238237546454,-124.577935117994,64.2922668457031,340
114,-84.6143052086269,-136.173417583224,64.2922668457031,340
115,49.5401478315093,-129.398227181193,72.1698760986328,340
116,-313.635521620341,-127.868417092496,72.1698760986328,330
117,-489.050660386944,-135.472001001117,72.1698760986328,340
118,677.905656076327,-100.701156756463,72.1698760986328,340
119,118.472770769744,-83.6531688165887,72.1698760986328,340
120,-205.359570421598,-82.3066917880164,72.1698760986328,340
121,486.045117614209,-56.0059881096287,89.1654739379883,340
122,-120.963419899337,-54.8091426608323,89.1654739379883,340
123,279.542640051709,-36.9141606483958,89.1654739379883,340
124,202.642200612742,-19.8031298849991,89.1654739379883,340
125,207.68353178013,-0.762043564275987,89.1654739379883,340
126,262.51281559114,-4.26784847311727,89.1654739379883,340
127,-82.8297216153738,1.70243942775618,101.929527282715,340
128,266.896627582089,22.307979914708,101.929527282715,340
129,275.437998335229,39.2984375909398,101.929527282715,340
130,177.946423400506,42.8290970216729,101.929527282715,340
131,-31.3413213546902,55.1414207308708,101.929527282715,340
132,-88.0460529361962,46.1332423152314,101.929527282715,340
133,77.4463673437326,55.9828085158589,115.896560668945,340
134,230.429605376724,64.2802544433982,115.896560668945,340
135,41.507280578361,70.0191916217979,115.896560668945,340
136,675.805497032281,97.0223989892714,115.896560668945,340
137,275.843953579632,116.629675354704,115.896560668945,340
138,624.540803227389,140.574354533614,115.896560668945,340
139,154.242237192582,150.128616229662,129.556945800781,340
140,58.459768560924,150.485401058839,129.556945800781,340
141,215.511599524462,171.651285904631,129.556945800781,340
142,420.586305240593,208.036764529732,129.556945800781,340
143,496.998006649382,200.800458552655,129.556945800781,340
144,-174.931296313076,189.064295869342,129.556945800781,340
145,299.217234363408,209.247368060742,154.183959960938,340
146,332.569229215434,203.108332524791,154.183959960938,340
147,373.608571321343,222.891212173618,154.183959960938,340
148,-121.698932699755,206.84154926356,154.183959960938,340
149,33.2521816759708,200.065948506089,154.183959960938,340
150,352.445661704458,205.856433703062,154.183959960938,340
151,-19.980120655496,194.556716253197,169.338592529297,340
152,252.866892464507,207.984580816392,169.338592529297,340
153,608.890061638056,221.66431817863,169.338592529297,340
154,202.041958234262,218.728476574592,169.338592529297,340
155,-10.5576671290369,211.18831295341,169.338592529297,340
156,155.805497957683,218.674185725905,169.338592529297,340
157,238.025870295708,231.717062655181,167.36799621582,340
158,59.962881201597,231.017723209496,167.36799621582,340
159,390.470980581751,237.419378217697,167.36799621582,340
160,379.172528511884,250.925988135038,167.36799621582,340
161,216.345020347867,232.547569067661,167.36799621582,340
162,243.998314227244,231.273743493566,167.36799621582,340
163,230.505072390002,215.51231426007,185.119491577148,340
164,378.735139887844,224.492030367881,185.119491577148,340
165,348.115265112772,236.078250229955,185.119491577148,340
166,242.861690712357,237.17225387747,185.119491577148,340
167,129.655577925858,225.535024784881,185.119491577148,340
168,10.3697959143905,206.069896355481,185.119491577148,340
169,196.15253041202,220.913249424485,192.584167480469,340
170,532.833541584477,230.257901713328,192.584167480469,340
171,347.942054631759,230.872814729981,192.584167480469,340
172,731.227478615736,245.177571021757,192.584167480469,340
173,-1.9134572252575,249.968990040736,192.584167480469,340
174,606.524653008059,272.89988889402,192.584167480469,340
175,-125.174032262082,253.795101135358,214.548156738281,340
176,-167.406045771986,247.898064130699,214.548156738281,340
177,302.060432886964,249.865805747597,214.548156738281,340
178,249.684709521157,235.497591662921,214.548156738281,340
179,498.952825493815,247.374026353303,214.548156738281,340
180,126.167164503696,252.843019618613,214.548156738281,340
181,643.17200308448,272.337679823684,223.108932495117,340
182,82.3525837648122,266.110748362449,223.108932495117,340
183,56.7114889899435,265.980692673983,223.108932495117,340
184,-40.7772808810097,248.730762215472,223.108932495117,340
185,125.976410417902,238.602917491713,223.108932495117,340
186,293.605595054408,241.693340479974,223.108932495117,340
187,312.035141171065,244.414813557727,234.218338012695,340
188,29.7604687524286,236.385029412224,234.218338012695,340
189,140.764455273936,226.866202027668,234.218338012695,340
190,204.465198077686,221.120199346265,234.218338012695,340
191,140.433026141894,217.023052763446,234.218338012695,340
192,-239.755105818313,202.246625413679,234.218338012695,340
193,-107.652724152167,197.525724611017,245.629104614258,340
194,631.269756485665,214.930413653963,245.629104614258,340
195,624.947651489932,218.614978050181,245.629104614258,340
196,313.093096552541,217.221019727012,245.629104614258,340
197,494.406160837253,207.748167015873,245.629104614258,340
198,487.408972356507,227.321064199144,245.629104614258,340
199,371.59610528741,217.923922290318,238.960586547852,340
200,403.726241811202,239.079933253249,238.960586547852,340
201,396.206680164602,261.624442290712,238.960586547852,340
202,610.705263959459,273.970235533612,238.960586547852,340
203,237.117272278396,273.467538043902,238.960586547852,340
204,376.078652447876,268.552571122064,238.960586547852,340
205,305.600660558734,275.729910964266,235.308044433594,340
206,492.767897050859,269.713746722921,235.308044433594,340
207,113.851257373496,270.973693667268,235.308044433594,340
208,636.710181261015,294.173641358111,235.308044433594,340
209,82.9706293670344,299.123557768033,235.308044433594,340
210,564.612950264697,316.669019361905,235.308044433594,340
211,507.255745430696,325.215025376956,244.265441894531,340
212,332.650974039952,326.039658691712,244.265441894531,340
213,313.687795752693,337.396751771722,244.265441894531,340
214,133.741525560355,337.115834583179,244.265441894531,340
215,27.5577256799671,330.03953568727,244.265441894531,340
216,373.095442286084,339.346032333038,244.265441894531,340
217,175.719734950127,355.965025963775,239.835525512695,340
218,340.663247503691,373.89766483001,239.835525512695,340
219,1191.5281023565,396.307998664843,239.835525512695,340
220,772.481951387051,402.209370660728,239.835525512695,340
221,634.981879983459,415.084921997965,239.835525512695,340
222,569.798089681531,418.100599151736,239.835525512695,340
223,853.465249438149,432.742850235002,238.692398071289,340
224,466.159720376571,436.525394838568,238.692398071289,340
225,843.6283923785,454.12148086126,238.692398071289,340
226,599.249791532084,462.243205315959,238.692398071289,340
227,425.38751153543,454.830495218998,238.692398071289,340
228,-104.733251689677,441.156474260275,238.692398071289,340
229,309.148856374524,438.479282417341,238.255889892578,340
230,483.724538843233,445.604237548721,238.255889892578,340
231,851.718738386533,459.962271202148,238.255889892578,340
232,408.606609425694,471.752485284236,238.255889892578,340
233,405.476882462896,462.503153332311,238.255889892578,340
234,387.45880266235,474.682680264124,238.255889892578,340
235,781.558351603197,483.360496317664,242.43083190918,340
236,528.513187058684,484.210793982783,242.43083190918,340
237,735.136772953623,500.31022593933,242.43083190918,340
238,440.953661201923,505.400860557299,242.43083190918,340
239,681.28701629744,527.302680186783,242.43083190918,340
240,359.124074538945,540.565334141142,242.43083190918,340
241,647.526880979731,551.542591688888,253.325836181641,340
242,841.450300616926,578.17181431556,253.325836181641,340
243,382.034108409399,579.826648751788,253.325836181641,340
244,271.506365896576,543.025779293391,253.325836181641,340
245,510.918731690374,532.563250505524,253.325836181641,340
246,869.882647991201,541.959281225834,253.325836181641,340
247,265.318340386456,529.78009125403,258.363433837891,340
248,787.521466988851,527.142339956059,258.363433837891,340
249,441.829664216382,526.169137709651,258.363433837891,340
250,515.009868410622,513.024396750936,258.363433837891,340
251,538.724585000196,510.60338848966,258.363433837891,340
252,392.945842933737,509.305721745593,258.363433837891,340
253,500.152960172183,533.501170220067,258.078399658203,340
254,545.273033370685,542.946137299913,258.078399658203,340
255,609.716896148571,547.985831592127,258.078399658203,340
256,447.027365944016,531.798176694426,258.078399658203,340
257,847.527546616532,549.35501418206,258.078399658203,340
258,591.437585840496,556.793442317164,258.078399658203,340
259,753.198508030729,571.423030531899,247.357345581055,340
260,785.975030651158,571.599697693817,247.357345581055,340
261,606.203349129815,574.707304176663,247.357345581055,340
262,818.469601969313,578.04061733729,247.357345581055,340
263,1032.8264306669,601.715528115889,247.357345581055,340
264,765.955563057708,605.1022699863,247.357345581055,340
265,694.842064361893,618.530989579218,262.337219238281,340
266,412.169671998097,609.116701219953,262.337219238281,340
267,738.504582494064,604.998872495038,262.337219238281,340
268,617.116705133248,614.402176363992,262.337219238281,340
269,706.454230915054,631.800090964731,262.337219238281,340
270,857.184687253629,645.650729187262,262.337219238281,340
271,750.476657452943,640.874489565731,275.051818847656,340
272,918.012750838494,666.982265983813,275.051818847656,340
273,888.39018848053,671.01701484348,275.051818847656,340
274,608.953757113499,677.701978559365,275.051818847656,340
275,503.876000320442,677.256623835757,275.051818847656,340
276,635.155281139494,681.113851681329,275.051818847656,340
277,714.478297332804,693.975149857292,286.24609375,340
278,724.823677250212,702.961978540413,286.24609375,340
279,755.962529432114,711.38955838287,286.24609375,340
280,499.242309228733,706.970574906077,286.24609375,340
281,857.955841280409,723.407713919533,286.24609375,340
282,893.045592074371,725.228435737846,286.24609375,340
283,898.687300677662,737.518424331333,282.499481201172,340
284,899.930418019934,743.387700730901,282.499481201172,340
285,598.559654558715,735.891085687203,282.499481201172,340
286,830.780575100119,744.874174726015,282.499481201172,340
287,718.979159054239,740.894557009413,282.499481201172,340
288,848.787827325023,733.533012875737,282.499481201172,340
289,818.800352962989,735.646804471949,297.34619140625,340
290,571.385022390657,730.708522793099,297.34619140625,340
291,747.823996957328,744.134695791468,297.34619140625,340
292,800.224494832132,746.603492284991,297.34619140625,340
293,856.962674531276,756.197331060912,297.34619140625,340
294,895.567682248002,763.76186911423,297.34619140625,340
295,805.807303517719,761.706773764794,308.607482910156,340
296,635.618761040871,757.112457908311,308.607482910156,340
297,844.814872859215,754.18454278914,308.607482910156,340
298,645.767256365119,744.479625504523,308.607482910156,340
299,665.958101467303,746.759799278675,308.607482910156,340
300,880.331632715179,761.818024574465,308.607482910156,340
301,738.143433374536,765.937550663867,310.436706542969,340
302,856.663896850636,771.62497464458,310.436706542969,340
303,708.375845991291,770.967061394223,310.436706542969,340
304,598.623392902301,764.67349593303,310.436706542969,340
305,649.806019989493,770.696044363461,310.436706542969,340
306,822.53641614701,769.279267358125,310.436706542969,340
307,935.60642623194,770.981700724428,321.071472167969,340
308,712.42136403097,763.53106325856,321.071472167969,340
309,925.360232347632,764.548255831668,321.071472167969,340
310,664.6547321206,767.192058934143,321.071472167969,340
311,858.762145990429,768.311321769756,321.071472167969,340
312,637.064860326529,765.034749820647,321.071472167969,340
313,883.805560715947,766.435459156284,330.399627685547,340
314,612.994779829983,758.203236230964,330.399627685547,340
315,761.645902231395,765.813671424594,330.399627685547,340
316,636.92469167622,761.377699213349,330.399627685547,340
317,761.84646740895,759.842578116422,330.399627685547,340
318,812.883024761498,758.079392125631,330.399627685547,340
319,925.433799699737,759.2740368237,329.289367675781,340
320,657.848363538238,753.355679224521,329.289367675781,340
321,1062.83860681965,770.444473055672,329.289367675781,340
322,740.005371223314,766.252092990236,329.289367675781,340
323,893.025039149074,776.142404301594,329.289367675781,340
324,698.802571911243,777.456183119352,329.289367675781,340
325,801.391490486769,774.298577430215,340.830261230469,340
326,965.191771821737,783.380510968103,340.830261230469,340
327,910.009010784807,785.51431552547,340.830261230469,340
328,1117.04003287144,801.860883000676,340.830261230469,340
329,1078.87925649184,821.071117544258,340.830261230469,340
330,918.170098698914,831.805680692635,340.830261230469,340
331,898.842951622926,834.857942111671,339.458923339844,340
332,971.573020701731,836.296605890463,339.458923339844,340
333,848.53013623654,841.740956778686,339.458923339844,340
334,713.811301163051,833.278999531303,339.458923339844,340
335,847.295093561665,840.584613988945,339.458923339844,340
336,940.446743547108,843.851997891212,339.458923339844,340
337,704.748843781678,846.559357229418,340.037200927734,340
338,711.753125523725,839.677259821729,340.037200927734,340
339,1042.51468648399,856.85805608789,340.037200927734,340
340,984.863374893736,865.786754994383,340.037200927734,340
341,922.446109680299,877.207611714547,340.037200927734,340
342,863.383428319667,881.269090150975,340.037200927734,340
343,942.184304283408,886.441141331852,344.548553466797,340
344,867.474792390637,884.122781039488,344.548553466797,340
345,814.246289085056,890.37869806136,344.548553466797,340
346,551.532421624264,869.926450653545,344.548553466797,340
347,1037.41188149019,881.82271106422,344.548553466797,340
348,901.099462316461,882.145687990916,344.548553466797,340
349,1042.85284753607,895.907699015909,349.879577636719,340
350,1038.62965638738,905.397225651933,349.879577636719,340
351,743.944804084953,896.547346942462,349.879577636719,340
352,782.582074583003,891.45026949439,349.879577636719,340
353,879.267263698533,881.939358727473,349.879577636719,340
354,972.13580558548,877.669620691219,349.879577636719,340
355,716.667842368766,869.609530438013,360.05419921875,340
356,856.637330828335,867.921305606229,360.05419921875,340
357,782.385160642599,860.353791203864,360.05419921875,340
358,886.282781028196,861.86389699553,360.05419921875,340
359,748.481117970139,863.250689667814,360.05419921875,340
360,968.728098262218,868.108009855836,360.05419921875,340
361,914.985793217524,867.089571842652,361.517761230469,340
362,671.866127886863,865.77426320686,361.517761230469,340
363,967.952364008302,876.022232746243,361.517761230469,340
364,853.895439219986,868.477462855683,361.517761230469,340
365,788.24060881642,860.61255221259,361.517761230469,340
366,941.823593685113,861.387651572782,361.517761230469,340
367,679.097406997087,854.016210719879,367.461334228516,340
368,637.972844036236,841.847752309993,367.461334228516,340
369,1170.68376884489,853.976111368163,367.461334228516,340
370,1109.12448791433,865.771239321333,367.461334228516,340
371,776.765022644378,874.780543362138,367.461334228516,340
372,529.478079862297,854.463191297022,367.461334228516,340
373,957.309317045972,856.711585486203,365.686828613281,340
374,861.297751307511,849.44938163706,365.686828613281,340
375,948.284238088828,845.835564905118,365.686828613281,340
376,825.587027523021,849.101253842641,365.686828613281,340
377,571.182976096286,840.645289903172,365.686828613281,340
378,1041.11049909217,847.119019318918,365.686828613281,340
379,755.748739872228,838.463536690387,370.181945800781,340
380,830.577500078679,843.019922998784,370.181945800781,340
381,1077.09156005822,851.838092167979,370.181945800781,340
382,947.805837592135,858.454919245961,370.181945800781,340
383,938.61085528989,860.548042216428,370.181945800781,340
384,641.157478307044,856.255096629905,370.181945800781,340
385,917.626427079221,854.211029782585,369.208740234375,340
386,901.658669901607,853.677944849948,369.208740234375,340
387,885.694244486655,862.23106951394,369.208740234375,340
388,1034.72469693761,864.901962831112,369.208740234375,340
389,855.723616974795,864.975089941305,369.208740234375,340
390,696.975518029705,861.324486309836,369.208740234375,340
391,907.527073710878,859.952625510867,364.987426757812,340
392,1099.04940870653,876.750705579244,364.987426757812,340
393,958.230822376011,889.561024712835,364.987426757812,340
394,811.454374736807,875.191848948512,364.987426757812,340
395,772.993321073989,861.746602274899,364.987426757812,340
396,1093.89195447843,874.431679548261,364.987426757812,340
397,1113.58764582668,897.796062186836,368.438171386719,340
398,1068.46440409874,902.242265668947,368.438171386719,340
399,1247.79399224316,917.702115306373,368.438171386719,340
400,1005.15157957999,919.976808966019,368.438171386719,340
401,1121.39939598147,931.809303704358,368.438171386719,340
402,1073.30532236716,951.894197555192,368.438171386719,340
403,1033.04099254255,951.571417293207,371.554992675781,340
404,1101.28140896721,965.392724057007,371.554992675781,340
405,1167.79791114685,978.881540499734,371.554992675781,340
406,1154.07963233955,981.961063390987,371.554992675781,340
407,889.523148777229,979.629755838391,371.554992675781,340
408,884.671814818074,977.472194219518,371.554992675781,340
409,958.283949896005,990.157253083077,374.827880859375,340
410,980.833463340519,992.685534533529,374.827880859375,340
411,980.387618138855,995.834692463018,374.827880859375,340
412,1068.67808161125,1003.154045948,374.827880859375,340
413,1052.80000418629,1003.87705823795,374.827880859375,340
414,822.711398821805,1002.55656951183,374.827880859375,340
415,1107.7998799401,1018.98954398825,381.666412353516,340
416,697.844359585177,1010.60223542322,381.666412353516,340
417,1197.879898673,1014.55545502188,381.666412353516,340
418,982.882840807664,1015.54153575914,381.666412353516,340
419,1136.29161093444,1028.53502520705,381.666412353516,340
420,896.707589424329,1033.48359594106,381.666412353516,340
421,1282.92614489514,1041.04496355773,388.433746337891,340
422,963.794806019935,1035.05324996546,388.433746337891,340
423,1172.23967280593,1039.20426071375,388.433746337891,340
424,1095.25453419182,1033.10268239169,388.433746337891,340
425,733.822160284376,1022.24950561987,388.433746337891,340
426,766.631047041129,1008.05877166226,388.433746337891,340
427,1008.43324831145,1005.46388870003,395.008941650391,340
428,1009.11495884284,1004.50684735204,395.008941650391,340
429,1115.11720983693,1005.06027938683,395.008941650391,340
430,1022.80503076589,999.260564171589,395.008941650391,340
431,970.379975296947,991.912577889885,395.008941650391,340
432,1046.6295929792,998.196835657964,395.008941650391,340
433,896.561800647959,998.672435091159,404.493316650391,340
434,1028.62353605124,1001.48601853737,404.493316650391,340
435,1010.555786764,1002.67491147431,404.493316650391,340
436,975.41038038725,1002.47582196424,404.493316650391,340
437,971.779798076702,998.599890622862,404.493316650391,340
438,1133.95136461832,1001.84594504014,404.493316650391,340
439,1023.63227076217,1009.88277991776,409.976409912109,340
440,870.727855723059,1000.39989894908,409.976409912109,340
441,1044.08631914726,1014.24957733156,409.976409912109,340
442,1130.458657708,1011.55272769296,409.976409912109,340
443,1125.5169061256,1017.25809030568,409.976409912109,340
444,1157.63710818224,1018.11191019559,409.976409912109,340
445,850.97935273195,1016.28278072789,412.296173095703,340
446,1170.49068223957,1011.78536222167,412.296173095703,340
447,1079.90244371274,1016.42966772938,412.296173095703,340
448,877.875774024125,1004.65511177811,412.296173095703,340
449,905.548437759325,997.066867920811,412.296173095703,340
450,1142.94793010612,1013.43189871368,412.296173095703,340
451,1110.1132743068,1027.17118780431,413.930633544922,340
452,1034.49870907713,1028.21380623493,413.930633544922,340
453,930.131600797935,1025.05447191314,413.930633544922,340
454,987.913312575383,1019.96631602268,413.930633544922,340
455,1110.41428472097,1023.47068618088,413.930633544922,340
456,971.59069890126,1023.51911512505,413.930633544922,340
457,1040.92951897171,1023.29111216475,413.713745117188,340
458,873.51645848708,1022.36929847832,413.713745117188,340
459,986.799858275627,1020.69635136729,413.713745117188,340
460,1143.46354975201,1026.01266188681,413.713745117188,340
461,1259.56735596673,1037.37894090999,413.713745117188,340
462,912.793582951263,1035.01949230498,413.713745117188,340
463,1042.49371198749,1031.36118619974,417.114593505859,340
464,981.747789150511,1029.68580693528,417.114593505859,340
465,1167.20617913795,1041.54493987187,417.114593505859,340
466,1227.04464627586,1048.86327295701,417.114593505859,340
467,1148.00467683039,1049.56511372191,417.114593505859,340
468,992.857044909867,1044.25871927328,417.114593505859,340
469,989.228031975347,1037.52235622501,420.207550048828,340
470,1013.6962201572,1044.03103092202,420.207550048828,340
471,1028.09101669272,1038.33504430014,420.207550048828,340
472,1010.11534094748,1035.54356018953,420.207550048828,340
473,940.297190721388,1038.04041685742,420.207550048828,340
474,1212.93926941593,1050.33605012369,420.207550048828,340
475,1183.81831608747,1051.97086556294,423.891326904297,340
476,871.525614453392,1042.4273591688,423.891326904297,340
477,1255.91111599634,1051.28385544557,423.891326904297,340
478,1149.17978036693,1060.04578262833,423.891326904297,340
479,863.394323891166,1055.06502308096,423.891326904297,340
480,1231.67136490444,1059.9153062883,423.891326904297,340
481,1100.6798731351,1065.07887325766,422.753051757812,340
482,940.79335026045,1061.07342650921,422.753051757812,340
483,1192.28863707216,1073.82431365261,422.753051757812,340
484,1160.09943594206,1080.75629675927,422.753051757812,340
485,1087.14904704328,1078.50371665092,422.753051757812,340
486,1220.43056331891,1076.938244945,422.753051757812,340
487,1043.25711936372,1082.1567864015,422.178680419922,340
488,1130.97810818442,1085.69616224938,422.178680419922,340
489,1102.47332147578,1090.52518354239,422.178680419922,340
490,1158.98464927764,1090.19632234798,422.178680419922,340
491,1153.00499592159,1087.23473633381,422.178680419922,340
492,1173.81678307353,1088.26722058353,422.178680419922,340
493,1112.90733622672,1093.06923223621,424.470275878906,340
494,1223.42747384114,1102.43720991084,424.470275878906,340
495,1236.64289114055,1111.35507675017,424.470275878906,340
496,1077.22239525264,1113.32033189257,424.470275878906,340
497,1178.28393481623,1120.04707564732,424.470275878906,340
498,1234.97478099901,1131.83417925842,424.470275878906,340
499,1221.41334013938,1132.17314208736,430.172454833984,340
500,1207.75345106858,1133.13054748661,430.172454833984,340
501,1288.44088284821,1149.8071582224,430.172454833984,340
502,1134.93694147018,1144.96819124135,430.172454833984,340
503,999.779742699769,1138.99218973467,430.172454833984,340
504,1098.06367665933,1148.37896384539,430.172454833984,340
505,1131.70404605589,1144.38027109145,434.504302978516,340
506,1192.11368017678,1148.03762337312,434.504302978516,340
507,857.15895262493,1144.6922474677,434.504302978516,340
508,1224.64756854242,1145.98660472651,434.504302978516,340
509,1079.73941385965,1142.77220384321,434.504302978516,340
510,1099.45033433442,1143.26425533486,434.504302978516,340
511,1199.64409513257,1142.4327966074,438.574768066406,340
512,1213.3161297622,1149.23515702334,438.574768066406,340
513,1256.04884913856,1154.23798666151,438.574768066406,340
514,894.983007986235,1145.93837412193,438.574768066406,340
515,1089.76983370924,1143.16978149919,438.574768066406,340
516,1082.00293088673,1140.3296988978,438.574768066406,340
517,902.599565205742,1129.48101018308,438.948333740234,340
518,924.920680248021,1121.96154394394,438.948333740234,340
519,1104.01681623439,1117.18511763967,438.948333740234,340
520,1236.53500820653,1117.18080232231,438.948333740234,340
521,1230.58566719051,1123.31533319982,438.948333740234,340
522,1001.18139811605,1116.23123173181,438.948333740234,340
523,1041.59623481028,1108.49608988426,438.040954589844,340
524,974.497372376487,1098.61945117375,438.040954589844,340
525,1081.53427258041,1093.57068403422,438.040954589844,340
526,1109.55295605241,1086.41516696239,438.040954589844,340
527,1200.07798630591,1089.02080875582,438.040954589844,340
528,1049.25927585512,1090.99999008203,438.040954589844,340
529,1033.61644316281,1088.42210074217,436.993408203125,340
530,1299.32324682814,1095.12686877306,436.993408203125,340
531,1159.78270432436,1093.83362973896,436.993408203125,340
532,1106.97567765562,1103.82629874019,436.993408203125,340
533,1152.42616188613,1100.93744247394,436.993408203125,340
534,1210.39851773147,1106.16380662881,436.993408203125,340
535,1204.72221096422,1110.37468169401,439.979125976562,340
536,1271.33861518175,1113.24246249597,439.979125976562,340
537,1165.2162996931,1111.31846929321,439.979125976562,340
538,905.212130005704,1097.2850005279,439.979125976562,340
539,1046.07914661419,1103.32884607301,439.979125976562,340
540,1206.61029398777,1108.00246448415,439.979125976562,340
541,1279.08802247244,1115.88586814758,444.051391601562,340
542,1124.77452113735,1124.77286638485,444.051391601562,340
543,1175.81304013864,1134.80856078047,444.051391601562,340
544,1002.47385769802,1130.74684243902,444.051391601562,340
545,1112.65395965238,1125.79160049685,444.051391601562,340
546,1108.75654855675,1120.9184357515,444.051391601562,340
547,1213.8796307778,1129.42636505797,444.698791503906,340
548,1155.43284058204,1133.97982928884,444.698791503906,340
549,1181.8572492332,1142.27422436311,444.698791503906,340
550,1165.76721261452,1145.64354196447,444.698791503906,340
551,1071.18320796639,1144.10875204103,444.698791503906,340
552,1104.98534673394,1140.30504645815,444.698791503906,340
553,1185.73469470071,1145.76406321198,442.62158203125,340
554,1070.46618667823,1147.2380529526,442.62158203125,340
555,977.642961550566,1134.37084154149,442.62158203125,340
556,798.105739411063,1119.90376294496,442.62158203125,340
557,1246.61566732772,1125.48936253184,442.62158203125,340
558,1232.6591446855,1128.69868184382,442.62158203125,340
559,1235.84658493948,1129.71660453214,444.045471191406,340
560,1213.92835863977,1130.08485043916,444.045471191406,340
561,1279.90085908498,1130.42734019529,444.045471191406,340
562,1299.88680429202,1135.81416037925,444.045471191406,340
563,1289.01182507088,1151.16614818185,444.045471191406,340
564,1248.07833781909,1159.24611583005,444.045471191406,340
565,1286.70349033316,1162.44984368387,450.535125732422,340
566,1322.09389342904,1164.17007852213,450.535125732422,340
567,1157.108863728,1165.46345222576,450.535125732422,340
568,1237.3562087901,1167.92517897181,450.535125732422,340
569,1197.61542833013,1175.7308417971,450.535125732422,340
570,1219.29633976092,1179.99653700144,450.535125732422,340
571,1066.01873500598,1178.28702445941,450.381317138672,340
572,959.475757775904,1168.11086953933,450.381317138672,340
573,1204.52750637767,1170.07465617116,450.381317138672,340
574,1179.03993720996,1169.96196369023,450.381317138672,340
575,965.89945237731,1161.96725328074,450.381317138672,340
576,854.774919925462,1153.3109217591,450.381317138672,340
577,1324.09959327862,1162.07549162089,448.0625,340
578,1056.95110578067,1156.92414806409,448.0625,340
579,1159.5264255556,1160.48655761918,448.0625,340
580,1182.05993570621,1168.66323658541,448.0625,340
581,1318.02619386039,1189.46005476338,448.0625,340
582,1260.75357961451,1190.02557125485,448.0625,340
583,1337.25165549934,1194.20927168741,451.526733398438,340
584,1242.72988378493,1194.48460364123,451.526733398438,340
585,1029.29168639253,1187.09913675134,451.526733398438,340
586,1321.05821313535,1188.74543091335,451.526733398438,340
587,1293.31766549079,1188.4826653613,451.526733398438,340
588,1241.87528176025,1186.59720362888,451.526733398438,340
589,1260.43297004304,1187.09138891783,455.618621826172,340
590,1187.44375606474,1183.1209995471,455.618621826172,340
591,1158.89737922895,1176.59313897909,455.618621826172,340
592,984.253216640922,1169.67891309561,455.618621826172,340
593,1085.30839836627,1163.59700067866,455.618621826172,340
594,1362.83588529469,1170.20581895724,455.618621826172,340
595,912.448913286183,1157.93192189825,457.749877929688,340
596,1188.25443043445,1162.82134971539,457.749877929688,340
597,1253.75425373126,1174.5924895536,457.749877929688,340
598,1299.16527818042,1178.37800042571,457.749877929688,340
599,1374.39553362629,1186.19222428237,457.749877929688,340
600,1074.72835605368,1190.54538042942,457.749877929688,340
601,1233.17267290054,1205.68129054843,460.355712890625,340
602,1257.84956867483,1203.03128956427,460.355712890625,340
603,1202.0413699955,1208.83490013287,460.355712890625,340
604,1305.89465407918,1214.68962927381,460.355712890625,340
605,1319.40724425554,1220.18352161578,460.355712890625,340
606,1123.39402185026,1212.39823473538,460.355712890625,340
607,1090.95667210105,1205.60635843484,462.149383544922,340
608,1329.28577554223,1205.28772323656,462.149383544922,340
609,1253.07720956726,1205.70161626785,462.149383544922,340
610,1167.41465457999,1211.22653499535,462.149383544922,340
611,1240.56113889675,1208.0066520258,462.149383544922,340
612,1064.18011984483,1198.84115019996,462.149383544922,340
613,1389.7046073245,1204.75432322253,464.89013671875,340
614,1301.66181036085,1206.40347683525,464.89013671875,340
615,1341.73382485925,1212.57507958703,464.89013671875,340
616,1243.39105455011,1215.95482659987,464.89013671875,340
617,1173.15319101252,1223.51082557474,464.89013671875,340
618,1168.60513094183,1226.84269487776,464.89013671875,340
619,1142.45126043608,1218.02730988341,469.6044921875,340
620,1147.02675925228,1227.41042372206,469.6044921875,340
621,1180.94394820927,1227.11800443305,469.6044921875,340
622,1200.30477174289,1224.98002515352,469.6044921875,340
623,980.667029877752,1212.24009522141,469.6044921875,340
624,1018.1386382564,1197.98981940661,469.6044921875,340
625,1250.07530091672,1205.00369720114,471.358459472656,340
626,1217.7429732659,1204.38650921575,471.358459472656,340
627,1260.60552863265,1204.49674761406,471.358459472656,340
628,1172.94898808832,1203.33305233778,471.358459472656,340
629,1108.85372093227,1195.4514150119,471.358459472656,340
630,1215.43982718644,1191.29271832914,471.358459472656,340
631,1322.2115691699,1199.24542022192,469.743316650391,340
632,1316.42061897441,1208.26397809686,469.743316650391,340
633,1260.39661241722,1205.50841157186,469.743316650391,340
634,1165.50536435091,1202.0055377632,469.743316650391,340
635,1022.91570221777,1196.22557966871,469.743316650391,340
636,1275.48715141541,1197.62262016946,469.743316650391,340
637,1006.15791129047,1195.30173182728,463.976745605469,340
638,1285.29832022496,1191.1254803433,463.976745605469,340
639,1184.69662441026,1186.44687290528,463.976745605469,340
640,1060.312712031,1175.19002839215,463.976745605469,340
641,1332.5501550133,1178.75639241068,463.976745605469,340
642,1271.82498323653,1182.70326409964,463.976745605469,340
643,1387.91867572036,1191.47580589078,466.223083496094,340
644,1311.14296362802,1198.22347401846,466.223083496094,340
645,1300.22743697277,1204.35150112728,466.223083496094,340
646,1142.27300402984,1202.8046633601,466.223083496094,340
647,1082.44859796638,1198.09041640904,466.223083496094,340
648,1094.19202030303,1202.63141602605,466.223083496094,340
649,1304.12794392111,1214.07098825264,467.002105712891,340
650,1292.5903112856,1215.77158866739,467.002105712891,340
651,1278.34059277076,1218.19549344759,467.002105712891,340
652,1069.3628327611,1210.54578561273,467.002105712891,340
653,1255.28916054301,1213.83939251091,467.002105712891,340
654,1381.80150523394,1224.75730388298,467.002105712891,340
655,1174.288214098,1223.11123935944,466.104888916016,340
656,1292.25241192133,1221.9128730695,466.104888916016,340
657,1129.43419185902,1214.43341598488,466.104888916016,340
658,1262.2803365156,1214.50876494882,466.104888916016,340
659,1356.00737225518,1222.12884526499,466.104888916016,340
660,1200.23263229314,1229.221522468,466.104888916016,340
661,1401.93236701533,1234.279331092,468.137908935547,340
662,1356.37132129765,1248.28786749229,468.137908935547,340
663,1130.49421114174,1242.09570312896,468.137908935547,340
664,1211.94437196182,1243.18561303102,468.137908935547,340
665,1264.51616730205,1251.35375124186,468.137908935547,340
666,1163.4724097765,1244.59064143239,468.137908935547,340
667,1208.54493659565,1242.05943956676,470.929962158203,340
668,1286.9027213697,1238.01880139273,470.929962158203,340
669,1157.74075500414,1231.88271304778,470.929962158203,340
670,1232.56559659556,1229.17623943269,470.929962158203,340
671,1307.62774017879,1235.79042887865,470.929962158203,340
672,1306.92532914666,1244.76949812586,470.929962158203,340
673,1272.10988638099,1251.88621276897,472.441986083984,340
674,1314.70261420686,1252.3091995804,472.441986083984,340
675,1287.11991435763,1252.09038370329,472.441986083984,340
676,1266.57106879956,1251.61960274444,472.441986083984,340
677,1272.83258161488,1259.75839269859,472.441986083984,340
678,1270.4578933504,1260.36514201088,472.441986083984,340
679,1281.2276789185,1256.34218895827,474.910980224609,340
680,1307.37016449576,1261.66546697418,474.910980224609,340
681,1223.732718346,1258.92467923116,474.910980224609,340
682,1334.7433705132,1267.13704637733,474.910980224609,340
683,1235.54576247165,1266.06766341557,474.910980224609,340
684,1327.95544008224,1264.94558612866,474.910980224609,340
685,1281.14274118137,1268.18199048419,472.946960449219,340
686,1286.84305222448,1263.57841789255,472.946960449219,340
687,1354.75291770935,1263.51368174902,472.946960449219,340
688,1238.23716387431,1267.82339985832,472.946960449219,340
689,1334.7277738984,1272.73473593579,472.946960449219,340
690,1167.56646000715,1268.85674764399,472.946960449219,340
691,1291.02766850083,1273.95895799296,475.164520263672,340
692,1282.64520045997,1276.92296854754,475.164520263672,340
693,1345.39342097934,1279.26259653192,475.164520263672,340
694,1136.61860461038,1278.41771051617,475.164520263672,340
695,1376.51727767276,1284.17577775926,475.164520263672,340
696,1269.7142683106,1282.65923888453,475.164520263672,340
697,1153.18554207169,1276.50964740153,472.425262451172,340
698,992.638961679565,1265.33081041347,472.425262451172,340
699,1349.17896410889,1266.70986440956,472.425262451172,340
700,1336.21122285041,1268.67351674927,472.425262451172,340
701,1352.90349673519,1272.12681386669,472.425262451172,340
702,1336.91574647767,1274.6901404612,472.425262451172,340
703,1133.97644089179,1269.23088236286,473.537109375,340
704,1303.13514663994,1270.10718107172,473.537109375,340
705,1228.62698807804,1266.95745401501,473.537109375,340
706,1251.6211978527,1268.07299319528,473.537109375,340
707,1352.97355317692,1268.80220050183,473.537109375,340
708,1279.53186757302,1270.56164470588,473.537109375,340
709,1103.5239707326,1261.58438593189,473.959869384766,340
710,1276.66828841272,1261.40540782115,473.959869384766,340
711,1378.49850757276,1265.07162603508,473.959869384766,340
712,1291.4049707708,1262.53770815754,473.959869384766,340
713,1310.58034583084,1265.4314354358,473.959869384766,340
714,1327.98773434689,1265.16183385374,473.959869384766,340
715,1305.61071115319,1270.68360389958,475.227752685547,340
716,1311.33283675559,1271.49581062977,475.227752685547,340
717,1303.6610056228,1272.33644283628,475.227752685547,340
718,1291.66730352301,1270.18739813803,475.227752685547,340
719,1291.23165604138,1276.37192019527,475.227752685547,340
720,1291.31934451915,1272.96400286913,475.227752685547,340
721,1299.99945288843,1274.17541025224,475.780822753906,340
722,1375.27298098479,1283.05890780876,475.780822753906,340
723,1360.75834184185,1297.78368301525,475.780822753906,340
724,1313.5425469512,1296.35822632895,475.780822753906,340
725,1371.21573430444,1297.75840678711,475.780822753906,340
726,1373.11697315399,1298.56694584386,475.780822753906,340
727,1338.22219915487,1298.61920395095,473.760650634766,340
728,1159.87237427318,1299.6550412862,473.760650634766,340
729,1285.57328772052,1298.95256692943,473.760650634766,340
730,1336.37172310174,1303.26235633037,473.760650634766,340
731,1381.07548744261,1308.44052791397,473.760650634766,340
732,1290.45792554193,1305.93990280857,473.760650634766,340
733,1338.42010830289,1308.29543243777,473.702239990234,340
734,1353.98064069577,1318.31369923629,473.702239990234,340
735,1388.18218023893,1322.77425490934,473.702239990234,340
736,1358.3169003671,1321.96699062111,473.702239990234,340
737,1373.71879696543,1325.2595436689,473.702239990234,340
738,1376.0967197769,1327.88019862674,473.702239990234,340
739,1249.04915270271,1324.72265536098,475.042907714844,340
740,1377.83934748931,1327.61180081442,475.042907714844,340
741,1443.11851019108,1332.88322775184,475.042907714844,340
742,1318.68696027839,1333.48426593806,475.042907714844,340
743,1413.4571707513,1338.3558606272,475.042907714844,340
744,1289.03024519597,1338.26780419338,475.042907714844,340
745,1343.00083458221,1340.3350637959,481.457611083984,340
746,1289.53639342722,1339.91654141745,481.457611083984,340
747,1353.36715985092,1339.0403085721,481.457611083984,340
748,1206.2096180793,1332.8583596216,481.457611083984,340
749,1316.45746532122,1332.9749563564,481.457611083984,340
750,1344.99003160368,1331.92592824837,481.457611083984,340
751,1327.52282482,1330.10216231501,483.60400390625,340
752,1399.59217926357,1332.55696151936,483.60400390625,340
753,1343.0975769643,1339.885969627,483.60400390625,340
754,1300.01849910273,1340.46377808229,483.60400390625,340
755,1400.01533136411,1343.00952241278,483.60400390625,340
756,1321.118002013,1340.6112229956,483.60400390625,340
757,1315.88114621875,1341.62815182267,485.093414306641,340
758,1396.56114661283,1343.95379335507,485.093414306641,340
759,1274.65360397628,1340.78071188629,485.093414306641,340
760,1257.3880036665,1335.54894482339,485.093414306641,340
761,1342.50473227159,1334.91645809957,485.093414306641,340
762,1131.3861540412,1325.2231523826,485.093414306641,340
763,1302.08043611625,1322.26250103618,487.165405273438,340
764,1326.92323380038,1325.37746428008,487.165405273438,340
765,1332.19846215954,1323.55182886689,487.165405273438,340
766,1202.85406281711,1313.94125097193,487.165405273438,340
767,1343.61315653357,1314.93829882214,487.165405273438,340
768,1344.29684845791,1312.17188593041,487.165405273438,340
769,1249.33800632115,1310.58419637541,486.442626953125,340
770,1318.51285404693,1309.604677154,486.442626953125,340
771,1357.97882405739,1312.34237437921,486.442626953125,340
772,1355.82843806343,1312.44082550771,486.442626953125,340
773,1386.10424573912,1319.6366106141,486.442626953125,340
774,1352.54204828744,1321.07999393275,486.442626953125,340
775,1377.68050285752,1322.3876127829,483.406372070312,340
776,1328.9836729402,1322.44604670771,483.406372070312,340
777,1306.08259981673,1318.70566352984,483.406372070312,340
778,1330.17357236488,1318.18870334586,483.406372070312,340
779,1378.30033285879,1321.3199766961,483.406372070312,340
780,1362.01183145081,1319.79983669957,483.406372070312,340
781,1391.48394416173,1322.61447438552,487.203094482422,340
782,1248.33374374411,1319.91257828653,487.203094482422,340
783,1303.46010651868,1316.18853668277,487.203094482422,340
784,1304.44034960091,1317.38000650775,487.203094482422,340
785,1285.55338397871,1318.50662172024,487.203094482422,340
786,1303.79956861667,1316.95841517405,487.203094482422,340
787,1314.52246320658,1324.28386754066,487.738433837891,340
788,1359.85131212168,1326.59470258088,487.738433837891,340
789,1178.99402075952,1320.67753405924,487.738433837891,340
790,1273.79245398616,1318.34129373231,487.738433837891,340
791,1361.94942934053,1324.70510839325,487.738433837891,340
792,1359.15748386432,1325.32688148648,487.738433837891,340
793,1357.44001936716,1325.85260832285,488.618133544922,340
794,1325.07487167168,1328.88208293687,488.618133544922,340
795,1325.01516360518,1329.1421753192,488.618133544922,340
796,1335.61159216782,1328.24748604361,488.618133544922,340
797,1375.9700368665,1329.05314999574,488.618133544922,340
798,1350.92497842255,1327.64597930307,488.618133544922,340
799,1403.94162646875,1329.70196243033,485.133758544922,340
800,1318.99723936978,1327.35463189082,485.133758544922,340
801,1387.16620754073,1329.68193327484,485.133758544922,340
802,1395.86529196837,1333.27324096091,485.133758544922,340
803,1355.98726377852,1334.30578861745,485.133758544922,340
804,1300.56562750742,1331.1964004034,485.133758544922,340
805,1234.29486929799,1326.08772191728,486.805419921875,340
806,1372.74230860421,1325.33805649498,486.805419921875,340
807,1376.99893119512,1330.48466399302,486.805419921875,340
808,1383.23486120055,1333.6756541803,486.805419921875,340
809,1357.92413755132,1335.81500569831,486.805419921875,340
810,1218.51943997085,1333.133647938,486.805419921875,340
811,1392.99789848881,1336.70158113288,486.435699462891,340
812,1355.16908695747,1338.32744608292,486.435699462891,340
813,1373.09204093402,1338.85707523541,486.435699462891,340
814,1219.8665726674,1340.49197731173,486.435699462891,340
815,1406.0387854823,1345.78183057157,486.435699462891,340
816,1397.90933986925,1347.22022699272,486.435699462891,340
817,1325.62457068802,1345.87891046567,486.747619628906,340
818,1368.7958243381,1346.33314266451,486.747619628906,340
819,1371.72369108312,1348.19909544097,486.747619628906,340
820,1356.46980038517,1349.45728091217,486.747619628906,340
821,1418.50570820794,1352.77304555377,486.747619628906,340
822,1328.69072233215,1350.8818729724,486.747619628906,340
823,1376.47489621304,1351.90386968402,490.732940673828,340
824,1383.06031305783,1351.06861714758,490.732940673828,340
825,1410.73751344321,1354.73822811052,490.732940673828,340
826,1318.62243194518,1351.99647708669,490.732940673828,340
827,1371.96315936745,1351.04039178266,490.732940673828,340
828,1234.28399461315,1346.17226101604,490.732940673828,340
829,1439.2099367517,1351.71803338581,489.686431884766,340
830,1435.57992126607,1359.76943546454,489.686431884766,340
831,1392.72188891193,1360.56861867685,489.686431884766,340
832,1323.91875614765,1358.44541167495,489.686431884766,340
833,1373.27153285397,1358.04687854108,489.686431884766,340
834,1430.1830270946,1360.93723412282,489.686431884766,340
835,1316.08787517829,1364.83997153111,489.576843261719,340
836,1392.6222344276,1364.82494496866,489.576843261719,340
837,1333.33263037696,1363.95148670544,489.576843261719,340
838,1384.65326158278,1364.41393553139,489.576843261719,340
839,1338.78624594569,1369.17072246253,489.576843261719,340
840,1364.11546093129,1367.49378948049,489.576843261719,340
841,1415.60888938922,1368.20177146128,490.364410400391,340
842,1291.14996484372,1366.82278722751,490.364410400391,340
843,1346.00008388216,1365.91095760927,490.364410400391,340
844,1385.70859231246,1366.47035365845,490.364410400391,340
845,1398.12475776093,1368.13655195348,490.364410400391,340
846,1362.96677418076,1365.91499459239,490.364410400391,340
847,1362.13618609924,1367.25281314308,490.627197265625,340
848,1349.57657602895,1366.17688033571,490.627197265625,340
849,1388.29805963175,1366.38639019867,490.627197265625,340
850,1309.21818071621,1362.32561688959,490.627197265625,340
851,1353.89529486477,1363.73653140637,490.627197265625,340
852,1372.93359992955,1363.77534902886,490.627197265625,340
853,1340.40946668726,1368.02036791182,491.958343505859,340
854,1232.47661827839,1359.75103517289,491.958343505859,340
855,1359.24742654467,1356.69773538403,491.958343505859,340
856,1406.8458112548,1357.26269227775,491.958343505859,340
857,1376.26719280039,1359.35662974386,491.958343505859,340
858,1406.03256592385,1360.66707106665,491.958343505859,340
859,1338.72680831247,1357.00882231537,491.479614257812,340
860,1370.94004807268,1359.20290923114,491.479614257812,340
861,1343.6096995875,1357.24240783754,491.479614257812,340
862,1394.41547343345,1359.6857215598,491.479614257812,340
863,1312.29738508394,1356.79148649984,491.479614257812,340
864,1274.51830746811,1354.22076896074,491.479614257812,340
865,1387.33286921777,1355.1494652922,490.816101074219,340
866,1307.81315083425,1350.83763575,490.816101074219,340
867,1312.67933541339,1351.69881057279,490.816101074219,340
868,1380.76153365351,1353.08926856364,490.816101074219,340
869,1418.14607630022,1354.38676792315,490.816101074219,340
870,1377.03000804213,1353.5429779344,490.816101074219,340
871,1376.00076793121,1354.06433768442,491.451782226562,340
872,1376.95362577142,1354.65703527131,491.451782226562,340
873,1402.72516440267,1356.78297880626,491.451782226562,340
874,1345.99050671547,1355.0906766896,491.451782226562,340
875,1356.65897258647,1356.98830836441,491.451782226562,340
876,1416.94352302372,1359.51023749077,491.451782226562,340
877,1346.05161521735,1358.43495810229,490.948028564453,340
878,1318.2246387434,1357.54756498453,490.948028564453,340
879,1401.11675673175,1364.29317052266,490.948028564453,340
880,1409.26156106211,1366.29373590336,490.948028564453,340
881,1451.70519518744,1368.08811126067,490.948028564453,340
882,1368.23560828311,1367.76684787998,490.948028564453,340
883,1367.867352774,1366.24023935398,492.622344970703,340
884,1351.96893777416,1366.76992453245,492.622344970703,340
885,1360.53303652094,1366.35364407038,492.622344970703,340
886,1423.19477424565,1369.53704705671,492.622344970703,340
887,1428.83315890873,1370.91375447572,492.622344970703,340
888,1351.03736770594,1372.4633537806,492.622344970703,340
889,1427.95330825344,1378.60075381201,497.067840576172,340
890,1348.96129013553,1377.06589064872,497.067840576172,340
891,1362.19551249431,1379.24118511512,497.067840576172,340
892,1401.394224306,1382.78978067083,497.067840576172,340
893,1367.17725509274,1382.2464095284,497.067840576172,340
894,1435.76324570934,1382.95109630476,497.067840576172,340
895,1412.70794482701,1384.37821377616,497.858825683594,340
896,1400.12091750053,1385.34301975893,497.858825683594,340
897,1304.51716102749,1382.44556116917,497.858825683594,340
898,1413.68386110121,1382.88390903711,497.858825683594,340
899,1394.15765722118,1384.81059505734,497.858825683594,340
900,1440.64863950027,1388.17018173389,497.858825683594,340
901,1392.60842857379,1387.1967779559,499.505310058594,340
902,1393.41223965311,1389.09120293333,499.505310058594,340
903,1358.0525464292,1390.68431924076,499.505310058594,340
904,1446.21846662832,1392.48838763662,499.505310058594,340
905,1400.60032983503,1392.14193838754,499.505310058594,340
906,1420.62915805672,1390.89889690231,499.505310058594,340
907,1401.04592778975,1392.21130968258,500.208892822266,340
908,1414.98342047039,1394.09595239043,500.208892822266,340
909,1415.96499670881,1396.65579474782,500.208892822266,340
910,1416.60331159773,1398.89860575089,500.208892822266,340
911,1430.02667606528,1399.17188182367,500.208892822266,340
912,1441.75995509978,1399.68895367132,500.208892822266,340
913,1430.89573075003,1402.88328819308,500.514343261719,340
914,1352.96475817163,1399.88374618981,500.514343261719,340
915,1425.8651234185,1402.95989952113,500.514343261719,340
916,1450.65167133258,1406.49814587466,500.514343261719,340
917,1384.94212531236,1405.84006191491,500.514343261719,340
918,1395.24628607354,1406.96282315414,500.514343261719,340
919,1420.75827140473,1406.36262418196,500.24169921875,340
920,1381.86131857717,1405.12875913197,500.24169921875,340
921,1415.62974601795,1405.74911227266,500.24169921875,340
922,1415.29714393278,1410.18031158887,500.24169921875,340
923,1411.33658584874,1410.08642057877,500.24169921875,340
924,1460.44238705323,1412.73780977206,500.24169921875,340
925,1431.84242296528,1412.38556111066,503.123107910156,340
926,1426.19252600939,1413.72892500808,503.123107910156,340
927,1313.44972577596,1410.53042445299,503.123107910156,340
928,1480.2479988601,1415.41824255023,503.123107910156,340
929,1504.32489195111,1417.74249956314,503.123107910156,340
930,1453.29096519925,1419.85012497771,503.123107910156,340
931,1419.98664054038,1419.82442427706,508.093170166016,340
932,1442.14748021346,1421.46848637401,508.093170166016,340
933,1453.26977798326,1422.99994067452,508.093170166016,340
934,1438.08243394359,1423.88463816391,508.093170166016,340
935,1407.05089052579,1423.50254132103,508.093170166016,340
936,1438.42246378011,1423.83837282963,508.093170166016,340
937,1219.93557030674,1414.96539743791,505.274261474609,340
938,1468.65942236877,1416.47594510266,505.274261474609,340
939,1407.40329928457,1418.65348674717,505.274261474609,340
940,1471.15144531987,1420.46493962323,505.274261474609,340
941,1416.34929339406,1419.09284450569,505.274261474609,340
942,1389.98585392327,1419.29459365012,505.274261474609,340
943,1402.87028057974,1419.59955343037,506.850524902344,340
944,1397.56898882776,1418.67198212729,506.850524902344,340
945,1395.91934641807,1419.23430324093,506.850524902344,340
946,1435.90428945222,1420.0452849783,506.850524902344,340
947,1401.17943460335,1419.48057660512,506.850524902344,340
948,1460.11545775745,1421.43173148147,506.850524902344,340
949,1452.16764500902,1421.1007417997,504.350372314453,340
950,1406.05341737042,1420.06918157591,504.350372314453,340
951,1466.71600878252,1421.69012088683,504.350372314453,340
952,1389.68399747734,1424.73949175489,504.350372314453,340
953,1483.92931428199,1424.88674437176,504.350372314453,340
954,1440.46762745371,1422.33245379187,504.350372314453,340
955,1429.95295989637,1421.39893357975,505.689025878906,340
956,1443.55062935607,1422.34149313238,505.689025878906,340
957,1467.67520398546,1423.36260208326,505.689025878906,340
958,1417.70404335014,1421.93997269794,505.689025878906,340
959,1480.91780623597,1423.65338758963,505.689025878906,340
960,1407.07204598382,1423.65423380795,505.689025878906,340
961,1432.77505771787,1423.42833756546,506.553649902344,340
962,1371.06827192855,1429.47364563034,506.553649902344,340
963,1381.25515256628,1425.97747483824,506.553649902344,340
964,1468.12813583243,1428.40646830015,506.553649902344,340
965,1469.85226468772,1428.35450107486,506.553649902344,340
966,1435.46274457484,1429.1190391221,506.553649902344,340
967,1447.0382624753,1431.40113546418,505.640594482422,340
968,1380.65047783998,1430.51234335459,505.640594482422,340
969,1415.62758129468,1431.23468705326,505.640594482422,340
970,1382.94508064762,1430.71571642244,505.640594482422,340
971,1441.63525772673,1430.94495515343,505.640594482422,340
972,1405.53174872676,1431.11904771836,505.640594482422,340
973,1405.12724877905,1428.91951935923,507.408355712891,340
974,1400.43273542265,1426.85012297577,507.408355712891,340
975,1320.66228831555,1423.43447781358,507.408355712891,340
976,1459.83723383819,1423.1593268158,507.408355712891,340
977,1478.28652401843,1426.70342787745,507.408355712891,340
978,1442.72888551299,1425.05541072669,507.408355712891,340
979,1425.11644058751,1424.44136325204,507.04150390625,340
980,1455.35387936816,1425.45740003091,507.04150390625,340
981,1454.23635252758,1425.88482895777,507.04150390625,340
982,1074.48176409988,1410.15709136235,507.04150390625,340
983,1455.88329382117,1411.68426138119,507.04150390625,340
984,1360.13855897538,1406.85309149076,507.04150390625,340
985,1396.49906469324,1406.43017223914,506.917724609375,340
986,1334.00914071839,1402.47953555916,506.917724609375,340
987,1408.28175640569,1403.96807493825,506.917724609375,340
988,1454.37082073278,1406.89270166491,506.917724609375,340
989,1481.42684219735,1407.4246499195,506.917724609375,340
990,1345.00247402573,1402.43065829303,506.917724609375,340
991,1404.72993806762,1401.20134603274,509.741668701172,340
992,1356.21975455373,1397.56860571587,509.741668701172,340
993,1403.27081891901,1398.47341935903,509.741668701172,340
994,1405.90513923566,1398.08452167667,509.741668701172,340
995,1459.3352050371,1401.14012665225,509.741668701172,340
996,1432.86986400506,1400.78951090339,509.741668701172,340
997,1452.6480209572,1402.6741617926,508.337951660156,340
998,1420.63274671664,1403.29438171011,508.337951660156,340
999,1405.69025143053,1403.50468235042,508.337951660156,340
1000,1433.09927661495,1408.0021618824,508.337951660156,340
