set,draw,agent,train_Hz,run_Hz,base_mass,delay_s,explore,mse_ee,rms_ee,max_ee,completed,stop_reason,t_end,ori_max,w_mean,sat_frac_J2,sat_frac_J4,sat_frac_J6,qlim_frac,ret,matched
nominal_6p5kg,0,ppo_10hz,10,40,6.5,0,0,0.00692043648252265,0.0831891608475686,0.221741098200607,1,none,8.5,0.0206910724408894,0.00663219664009059,0,0,1,0,1206.17531658872,0
nominal_6p5kg,0,ppo_10hz,10,10,6.5,0,0,0.00728160478619112,0.0853323197047351,0.227813131315852,1,none,8.5,0.0271778114502059,0.00866888087303765,0,0,1,0,195.35539732885,1
e1,0,CDR2-4,40,40,16.25,0.05,0,0.00460288939090154,0.0678445973597128,0.192430516341407,1,none,8.5,0.0188379553709039,0.00653741593687935,0,0,1,0,1470.63581141328,1
e1_stoch,1,CDR2-4,40,40,16.25,0.05,1,0.00560219451914154,0.0748478090470359,0.206383227680922,1,none,8.5,0.0211015144317416,0.00796703612614403,0,0.170087976539589,0.958944281524927,0,1191.43632616393,1
e1_stoch,2,CDR2-4,40,40,16.25,0.05,1,0.00514409115620104,0.0717223197909901,0.19799039924216,1,none,8.5,0.0197266370423903,0.00888313431369068,0,0.217008797653959,0.953079178885631,0,1109.0945778721,1
e1_stoch,3,CDR2-4,40,40,16.25,0.05,1,0.00493034548119815,0.0702164188861704,0.197175033157159,1,none,8.5,0.0199079047149939,0.00797166626627306,0,0.181818181818182,0.947214076246334,0,1255.74087506777,1
e1_stoch,4,CDR2-4,40,40,16.25,0.05,1,0.0051235564338421,0.0715790223029213,0.198148044022563,1,none,8.5,0.0236915330285983,0.0083063303339469,0,0.217008797653959,0.932551319648094,0,1152.55594054336,1
e1_stoch,5,CDR2-4,40,40,16.25,0.05,1,0.00549297227949655,0.0741145888438744,0.204105524157213,1,none,8.5,0.0182551894432763,0.00796947131508569,0,0.161290322580645,0.964809384164223,0,1128.51736144411,1
e1_stoch,6,CDR2-4,40,40,16.25,0.05,1,0.00534397033869837,0.0731024646554299,0.200800872876689,1,none,8.5,0.0222537916734019,0.00926525212788117,0.00293255131964809,0.170087976539589,0.906158357771261,0,1116.14405820068,1
e1_stoch,7,CDR2-4,40,40,16.25,0.05,1,0.00499234050897889,0.0706564965801369,0.1967084290521,1,none,8.5,0.0190791179677318,0.00748446959574312,0,0.208211143695015,0.967741935483871,0,1132.35985258001,1
e1_stoch,8,CDR2-4,40,40,16.25,0.05,1,0.00536456779952714,0.0732432099209691,0.20180532140019,1,none,8.5,0.0186680517487336,0.00701362971289903,0,0.19941348973607,0.93841642228739,0,1221.49079040365,1
e1_stoch,9,CDR2-4,40,40,16.25,0.05,1,0.00488776552899188,0.0699125563042282,0.196450408236154,1,none,8.5,0.0207882236507862,0.00809234012991737,0,0.214076246334311,0.944281524926686,0,1208.39724879435,1
e1_stoch,10,CDR2-4,40,40,16.25,0.05,1,0.00443627851127475,0.0666053940103559,0.190020924298987,1,none,8.5,0.0243839061350742,0.00790748312109347,0,0.219941348973607,0.953079178885631,0,1162.10019805975,1
e1_stoch,11,CDR2-4,40,40,16.25,0.05,1,0.00499884722768178,0.0707025263175354,0.200549079685164,1,none,8.5,0.0221230730453534,0.00821899657857149,0,0.219941348973607,0.964809384164223,0,1162.79839743544,1
e1_stoch,12,CDR2-4,40,40,16.25,0.05,1,0.00457703350847245,0.0676537767495093,0.19122954289142,1,none,8.5,0.0215005151122345,0.00900394227728877,0,0.196480938416422,0.956011730205279,0,1077.69641974743,1
e1_stoch,13,CDR2-4,40,40,16.25,0.05,1,0.00500742713735457,0.0707631764221659,0.195739284603261,1,none,8.5,0.0204228292967232,0.00844973535127975,0,0.164222873900293,0.967741935483871,0,1193.83208774512,1
e1_stoch,14,CDR2-4,40,40,16.25,0.05,1,0.00507515509642046,0.0712401227990271,0.197773932505597,1,none,8.5,0.0179966987289823,0.00722941682703893,0,0.143695014662757,0.958944281524927,0,1213.8930408147,1
e1_stoch,15,CDR2-4,40,40,16.25,0.05,1,0.00511290147472357,0.071504555622167,0.198703074210427,1,none,8.5,0.0183767273930369,0.00717751957903988,0,0.178885630498534,0.967741935483871,0,1283.5252893544,1
e1_stoch,16,CDR2-4,40,40,16.25,0.05,1,0.0051991520625739,0.0721051458813717,0.198872215660652,1,none,8.5,0.0209381784222618,0.00892917544357874,0.00293255131964809,0.181818181818182,0.953079178885631,0,1165.97095309831,1
e1_stoch,17,CDR2-4,40,40,16.25,0.05,1,0.00467150660140528,0.0683484206211473,0.195430612630426,1,none,8.5,0.0206861830026073,0.00863510620228199,0,0.211143695014663,0.961876832844575,0,1190.49113448146,1
e1_stoch,18,CDR2-4,40,40,16.25,0.05,1,0.0047834700460622,0.0691626347536168,0.195051556977932,1,none,8.5,0.0241326772457753,0.00897368349006629,0,0.155425219941349,0.970674486803519,0,1169.22787315322,1
e1_stoch,19,CDR2-4,40,40,16.25,0.05,1,0.00503212678099218,0.0709374850202076,0.197887298958414,1,none,8.5,0.0227612780044258,0.00897680319404403,0.00293255131964809,0.193548387096774,0.947214076246334,0,1141.34136230561,1
e1_stoch,20,CDR2-4,40,40,16.25,0.05,1,0.0047487930865873,0.0689114873340236,0.196826975670061,1,none,8.5,0.0202041742779598,0.00794735228472155,0,0.196480938416422,0.958944281524927,0,1261.80598865744,1
mass,6,CDR2-4,40,40,32.5,0,0,0.00399433762220253,0.0632007723228327,0.182828726946088,1,none,8.5,0.016277779219173,0.00488374522031257,0,0,1,0,1513.13635330997,1
mass,11,CDR2-4,40,40,32.5,0,0,0.00399433762220253,0.0632007723228327,0.182828726946088,1,none,8.5,0.016277779219173,0.00488374522031257,0,0,1,0,1513.13635330997,1
mass,20,CDR2-4,40,40,32.5,0,0,0.00399433762220253,0.0632007723228327,0.182828726946088,1,none,8.5,0.016277779219173,0.00488374522031257,0,0,1,0,1513.13635330997,1
mass,6,CDR2-4,40,10,32.5,0,0,0.0045494489653452,0.0674496031518733,0.186941155166755,1,none,8.5,0.0222380269503468,0.00740027144287715,0,0,1,0,318.966952591175,0
mass,11,CDR2-4,40,10,32.5,0,0,0.0045494489653452,0.0674496031518733,0.186941155166755,1,none,8.5,0.0222380269503468,0.00740027144287715,0,0,1,0,318.966952591175,0
mass,20,CDR2-4,40,10,32.5,0,0,0.0045494489653452,0.0674496031518733,0.186941155166755,1,none,8.5,0.0222380269503468,0.00740027144287715,0,0,1,0,318.966952591175,0
mass,6,Optimized,40,40,32.5,0,0,0.00430637853201202,0.0656230030706613,0.188430096641607,1,none,8.5,0.023530962737174,0.00423436711008173,0,0,0.912023460410557,0,1418.76418219535,1
mass,11,Optimized,40,40,32.5,0,0,0.00430637853313487,0.0656230030792166,0.188430096481201,1,none,8.5,0.0235309627836428,0.00423436711579219,0,0,0.912023460410557,0,1418.76418222907,1
mass,20,Optimized,40,40,32.5,0,0,0.00430637853313487,0.0656230030792166,0.188430096481201,1,none,8.5,0.0235309627836428,0.00423436711579219,0,0,0.912023460410557,0,1418.76418222907,1
mass,6,Optimized,40,10,32.5,0,0,0.0052419616980447,0.0724013929288981,0.204393878322806,1,none,8.5,0.0227860696691041,0.00542647626343068,0,0,0.930232558139535,0,295.633162934772,0
mass,11,Optimized,40,10,32.5,0,0,0.0052419616980447,0.0724013929288981,0.204393878322806,1,none,8.5,0.0227860696691041,0.00542647626343068,0,0,0.930232558139535,0,295.633162934772,0
mass,20,Optimized,40,10,32.5,0,0,0.0052419616980447,0.0724013929288981,0.204393878322806,1,none,8.5,0.0227860696691041,0.00542647626343068,0,0,0.930232558139535,0,295.633162934772,0
mass,6,PPO_base,40,40,32.5,0,0,0.000209878509148335,0.0144871843071155,0.0255934848371375,1,none,8.5,0.081296149290234,0.0137968618597729,0.0674486803519062,0.0850439882697947,0.982404692082111,0,1480.53829378117,1
mass,11,PPO_base,40,40,32.5,0,0,0.000209241723447209,0.0144651900591458,0.0258855764538838,1,none,8.5,0.0812366169529448,0.0137899665326511,0.0703812316715543,0.0850439882697947,0.982404692082111,0,1486.53391869965,1
mass,20,PPO_base,40,40,32.5,0,0,0.000209241723447209,0.0144651900591458,0.0258855764538838,1,none,8.5,0.0812366169529448,0.0137899665326511,0.0703812316715543,0.0850439882697947,0.982404692082111,0,1486.53391869965,1
mass,6,PPO_base,40,10,32.5,0,0,0.00163377339553806,0.0404199628344468,0.0557066419496857,1,none,8.5,0.0737142653456885,0.0162566792594759,0.0465116279069767,0.0465116279069767,0.976744186046512,0,76.558431198094,0
mass,11,PPO_base,40,10,32.5,0,0,0.00163377339553806,0.0404199628344468,0.0557066419496857,1,none,8.5,0.0737142653456885,0.0162566792594759,0.0465116279069767,0.0465116279069767,0.976744186046512,0,76.558431198094,0
mass,20,PPO_base,40,10,32.5,0,0,0.00163377339553806,0.0404199628344468,0.0557066419496857,1,none,8.5,0.0737142653456885,0.0162566792594759,0.0465116279069767,0.0465116279069767,0.976744186046512,0,76.558431198094,0
mass,6,ppo_10hz,10,40,32.5,0,0,0.00498573265058554,0.0706097206522271,0.19723157356108,1,none,8.5,0.0146231012267876,0.00446989298188813,0,0,1,0,1498.94801510668,0
mass,11,ppo_10hz,10,40,32.5,0,0,0.00498573265058554,0.0706097206522271,0.19723157356108,1,none,8.5,0.0146231012267876,0.00446989298188813,0,0,1,0,1498.94801510668,0
mass,20,ppo_10hz,10,40,32.5,0,0,0.00498573265058554,0.0706097206522271,0.19723157356108,1,none,8.5,0.0146231012267876,0.00446989298188813,0,0,1,0,1498.94801510668,0
mass,6,ppo_10hz,10,10,32.5,0,0,0.00515597939139405,0.07180514878053,0.201815812977485,1,none,8.5,0.0176268248100596,0.00574444666827491,0,0,1,0,370.261104794362,1
mass,11,ppo_10hz,10,10,32.5,0,0,0.00515597939139405,0.07180514878053,0.201815812977485,1,none,8.5,0.0176268248100596,0.00574444666827491,0,0,1,0,370.261104794362,1
mass,20,ppo_10hz,10,10,32.5,0,0,0.00515597939139405,0.07180514878053,0.201815812977485,1,none,8.5,0.0176268248100596,0.00574444666827491,0,0,1,0,370.261104794362,1
mass,14,CDR2-4,40,40,43.9748009387713,0,0,0.0037550368839599,0.0612783557543763,0.178691664418589,1,none,8.5,0.0147850143649141,0.00430743659097766,0,0,1,0,1528.88531480039,1
mass,14,CDR2-4,40,10,43.9748009387713,0,0,0.00431434812575062,0.065683697564545,0.182661049133091,1,none,8.5,0.0192616459708509,0.00647953801914294,0,0,1,0,350.433367681751,0
mass,14,Optimized,40,40,43.9748009387713,0,0,0.00397228472597358,0.063026063862291,0.183037975699946,1,none,8.5,0.0212364352775926,0.0037644942843822,0,0,0.909090909090909,0,1513.18255664648,1
mass,14,Optimized,40,10,43.9748009387713,0,0,0.00490632775983699,0.0700451837019291,0.199668014908394,1,none,8.5,0.0205872265592363,0.00480884742329554,0,0,0.930232558139535,0,326.260737755473,0
mass,14,PPO_base,40,40,43.9748009387713,0,0,0.000143516383568579,0.0119798323681335,0.0181670484801493,1,none,8.5,0.0701617710023057,0.0118452453506009,0.06158357771261,0.0733137829912024,0.967741935483871,0,1653.80326621281,1
mass,14,PPO_base,40,10,43.9748009387713,0,0,0.00144049050927508,0.0379537943989146,0.0479804984556903,1,none,8.5,0.0635580040721597,0.0139473473833971,0.0348837209302326,0.0465116279069767,0.976744186046512,0,112.066857734437,0
mass,14,ppo_10hz,10,40,43.9748009387713,0,0,0.00467370945326472,0.0683645335920952,0.192468123741328,1,none,8.5,0.0132124655172026,0.00395273109583948,0,0,1,0,1520.18010372491,0
mass,14,ppo_10hz,10,10,43.9748009387713,0,0,0.00479931984483035,0.0692771235317284,0.196550317936922,1,none,8.5,0.015857032617682,0.00507364595557241,0,0,1,0,376.92193552163,1
mass,18,CDR2-4,40,40,53.0327390562507,0,0,0.00361432425434317,0.0601192502809472,0.176174484798726,1,none,8.5,0.0137194781264129,0.00394102752110999,0,0,1,0,1542.91369636007,1
mass,18,CDR2-4,40,10,53.0327390562507,0,0,0.00417852908733045,0.0646415430457105,0.180059863506994,1,none,8.5,0.0174642381685413,0.00590486361158279,0,0,1,0,352.702264702944,0
mass,18,Optimized,40,40,53.0327390562507,0,0,0.00377513054318158,0.0614420909733839,0.179700736758282,1,none,8.5,0.0196683108273281,0.00346176195991046,0,0,0.909090909090909,0,1580.611911912,1
mass,18,Optimized,40,10,53.0327390562507,0,0,0.00470371029446761,0.0685836007691897,0.196707690916998,1,none,8.5,0.0190756452197544,0.00441427199211755,0,0,0.930232558139535,0,348.639523538386,0
mass,18,PPO_base,40,40,53.0327390562507,0,0,0.000115318047259578,0.0107386240859608,0.0179443884500894,1,none,8.5,0.0636018149990529,0.0107027297388672,0.0557184750733138,0.0762463343108504,0.973607038123167,0,1672.5019401905,1
mass,18,PPO_base,40,10,53.0327390562507,0,0,0.00134916096280234,0.0367309265170692,0.0464359012262036,1,none,8.5,0.0572512715412333,0.0125465394926168,0.0348837209302326,0.0465116279069767,0.976744186046512,0,131.306668499704,0
mass,18,ppo_10hz,10,40,53.0327390562507,0,0,0.00449447279176265,0.0670408292890433,0.189617778649641,1,none,8.5,0.0122305910625391,0.00362475573861828,0,0,1,0,1530.46409596015,0
mass,18,ppo_10hz,10,10,53.0327390562507,0,0,0.00459331551705581,0.0677740032538717,0.193368322599838,1,none,8.5,0.0146494892309924,0.00464885689422342,0,0,1,0,377.304256545124,1
nominal,0,CDR2-4,40,40,65,0,0,0.00346982044332695,0.0589051818037,0.173520616130402,1,none,8.5,0.0124900923105419,0.0035433072836239,0,0,1,0,1560.96873812675,1
stoch,1,CDR2-4,40,40,65,0,1,0.00450674893043927,0.0671323240357376,0.190258840190517,1,none,8.5,0.0103451004683599,0.00390581001782559,0,0.158357771260997,0.956011730205279,0,1417.00960019671,1
stoch,2,CDR2-4,40,40,65,0,1,0.00386990724706708,0.062208578564914,0.179327969658556,1,none,8.5,0.0129662744493516,0.00409537980626517,0,0.208211143695015,0.953079178885631,0,1461.75927758891,1
stoch,3,CDR2-4,40,40,65,0,1,0.0036559850140679,0.0604647419085528,0.178411295322666,1,none,8.5,0.0125390841732732,0.00398676054565048,0,0.178885630498534,0.956011730205279,0,1459.50285073436,1
stoch,4,CDR2-4,40,40,65,0,1,0.00389518403666837,0.0624114095071436,0.178652293651711,1,none,8.5,0.0119754792970504,0.00409048913359644,0,0.211143695014663,0.926686217008798,0,1441.44273904755,1
stoch,5,CDR2-4,40,40,65,0,1,0.00437007341831937,0.0661065308295585,0.188228977307622,1,none,8.5,0.00914215255974742,0.00383489584648116,0,0.155425219941349,0.967741935483871,0,1441.45957521098,1
stoch,6,CDR2-4,40,40,65,0,1,0.0040731684309009,0.063821379105288,0.181451812432235,1,none,8.5,0.0118247373557164,0.00421428554549956,0.00293255131964809,0.158357771260997,0.912023460410557,0,1449.45731514985,1
stoch,7,CDR2-4,40,40,65,0,1,0.00366844218638511,0.0605676661791183,0.176101003191673,1,none,8.5,0.0127099235110297,0.00394145059563286,0,0.202346041055718,0.961876832844575,0,1455.4898699117,1
stoch,8,CDR2-4,40,40,65,0,1,0.00427264071953079,0.0653654397945182,0.185428408212465,1,none,8.5,0.0100720903512546,0.0037840640425954,0,0.190615835777126,0.93841642228739,0,1393.24877212752,1
stoch,9,CDR2-4,40,40,65,0,1,0.00361335531107401,0.0601111912298701,0.1764335974736,1,none,8.5,0.0129645649628407,0.00401471896682275,0,0.202346041055718,0.947214076246334,0,1463.27958525365,1
stoch,10,CDR2-4,40,40,65,0,1,0.00316447586294387,0.05625367421728,0.167811399763447,1,none,8.5,0.0164824931395297,0.00411557799995972,0,0.190615835777126,0.953079178885631,0,1518.7199315996,1
stoch,11,CDR2-4,40,40,65,0,1,0.0037403996754376,0.0611588070145061,0.182066463536008,1,none,8.5,0.0119668574971129,0.00378521156917248,0,0.211143695014663,0.964809384164223,0,1484.49498882821,1
stoch,12,CDR2-4,40,40,65,0,1,0.00321595477377221,0.0567093887621108,0.168663395336454,1,none,8.5,0.0147998228450887,0.00443364579117912,0,0.196480938416422,0.956011730205279,0,1499.48643299532,1
stoch,13,CDR2-4,40,40,65,0,1,0.0037952693004474,0.0616057570398043,0.176777999797433,1,none,8.5,0.0131909225794988,0.00411836038060178,0,0.170087976539589,0.950146627565982,0,1451.13950703355,1
stoch,14,CDR2-4,40,40,65,0,1,0.00386219317018738,0.0621465459232239,0.178202908363102,1,none,8.5,0.0126104487537023,0.00361570582693523,0,0.158357771260997,0.950146627565982,0,1456.29836320935,1
stoch,15,CDR2-4,40,40,65,0,1,0.00381845654298393,0.0617936610259008,0.179261005310121,1,none,8.5,0.0127944432184432,0.00381215498114262,0,0.187683284457478,0.973607038123167,0,1455.44477644696,1
stoch,16,CDR2-4,40,40,65,0,1,0.00402223637303328,0.0634211035305543,0.180363487907634,1,none,8.5,0.0122589603457439,0.0039076787201135,0,0.175953079178886,0.953079178885631,0,1451.59831382113,1
stoch,17,CDR2-4,40,40,65,0,1,0.00348940485750217,0.0590711846631009,0.175811279343887,1,none,8.5,0.01397220875367,0.00429175439525273,0,0.18475073313783,0.956011730205279,0,1506.14473217891,1
stoch,18,CDR2-4,40,40,65,0,1,0.00348207396766331,0.059009100718985,0.17486918343331,1,none,8.5,0.0127461153534752,0.00428014363759433,0,0.155425219941349,0.973607038123167,0,1493.63979038648,1
stoch,19,CDR2-4,40,40,65,0,1,0.00386261582027388,0.0621499462612308,0.178823885262869,1,none,8.5,0.0130915328797231,0.00418119551992897,0.00293255131964809,0.178885630498534,0.941348973607038,0,1462.67254672799,1
stoch,20,CDR2-4,40,40,65,0,1,0.00346699579471608,0.0588812006901701,0.176142534420471,1,none,8.5,0.0132802804556124,0.00395893240629419,0,0.187683284457478,0.961876832844575,0,1500.91307905068,1
delay_100ms,0,CDR2-4,40,40,65,0.1,0,0.00376248936049301,0.0613391340050788,0.176603704057876,1,none,8.5,0.0127608900302465,0.00580861226779758,0,0,1,0,1440.96320443922,1
delay_200ms,0,CDR2-4,40,40,65,0.2,0,0.00527605724211059,0.0726364732218641,0.181490634642531,1,none,8.5,0.0220616636448423,0.0132546311414182,0,0,1,0,735.178272025377,1
nominal,0,CDR2-4,40,10,65,0,0,0.0040416425367899,0.0635739139646908,0.177326158603628,1,none,8.5,0.0155723268681202,0.0052881624108206,0,0,1,0,356.972757799521,0
stoch,1,CDR2-4,40,10,65,0,1,0.00625333161639689,0.0790780096891474,0.201631796106438,1,none,8.5,0.0175420045767127,0.00520404057262547,0,0.13953488372093,0.953488372093023,0,219.948416173899,0
stoch,2,CDR2-4,40,10,65,0,1,0.00449400097018157,0.0670373102845093,0.178627385019051,1,none,8.5,0.0154742312436337,0.00540505357994332,0,0.186046511627907,0.941860465116279,0,245.2463551018,0
stoch,3,CDR2-4,40,10,65,0,1,0.0048884093514915,0.0699171606366527,0.191404069966469,1,none,8.5,0.0140271262167093,0.00514902767189407,0,0.197674418604651,0.953488372093023,0,330.170004510711,0
stoch,4,CDR2-4,40,10,65,0,1,0.00608131127909431,0.0779827627049357,0.201056051297079,1,none,8.5,0.0196279087375673,0.0058472126222367,0,0.209302325581395,0.953488372093023,0,231.139272436258,0
stoch,5,CDR2-4,40,10,65,0,1,0.00464399834797902,0.0681468880285741,0.190622083831846,1,none,8.5,0.0138777242347351,0.00482495131235262,0,0.197674418604651,0.941860465116279,0,308.25109045625,0
stoch,6,CDR2-4,40,10,65,0,1,0.00479565896081643,0.0692506964644864,0.178007484802024,1,none,8.5,0.0189502569782485,0.00613449711693047,0.0116279069767442,0.162790697674419,0.872093023255814,0,278.572582385259,0
stoch,7,CDR2-4,40,10,65,0,1,0.00487889424494764,0.0698490819191465,0.19057341741258,1,none,8.5,0.0164000363266313,0.00520196552015409,0,0.232558139534884,0.953488372093023,0,325.765048878255,0
stoch,8,CDR2-4,40,10,65,0,1,0.00397731431590612,0.0630659521128962,0.181584525907962,1,none,8.5,0.0180855087592965,0.0058608121372772,0,0.232558139534884,0.941860465116279,0,319.396438303973,0
stoch,9,CDR2-4,40,10,65,0,1,0.00543187316913261,0.0737012426566378,0.186392981578311,1,none,8.5,0.0196054125354597,0.00619942747741414,0,0.255813953488372,0.953488372093023,0,242.979110066393,0
stoch,10,CDR2-4,40,10,65,0,1,0.00474293061256601,0.0688689379369685,0.175968474601941,1,none,8.5,0.0180402580233594,0.00545656244818493,0,0.151162790697674,0.953488372093023,0,263.64593040069,0
stoch,11,CDR2-4,40,10,65,0,1,0.00497585455321974,0.0705397374053784,0.190680693830724,1,none,8.5,0.0205086554278559,0.00602576695187107,0,0.186046511627907,0.953488372093023,0,228.437176363702,0
stoch,12,CDR2-4,40,10,65,0,1,0.0048447372708067,0.0696041469368507,0.186138798421108,1,none,8.5,0.0191553875347789,0.00609615851456662,0,0.244186046511628,0.965116279069767,0,213.951807370444,0
stoch,13,CDR2-4,40,10,65,0,1,0.00597586047704059,0.0773036899315976,0.197091864648106,1,none,8.5,0.0202926984553117,0.00591652296227765,0,0.209302325581395,0.895348837209302,0,179.826768011103,0
stoch,14,CDR2-4,40,10,65,0,1,0.00440581445524672,0.0663763094428028,0.171532005924904,1,none,8.5,0.0174636503183034,0.00485416939760825,0,0.162790697674419,0.941860465116279,0,285.333345674894,0
stoch,15,CDR2-4,40,10,65,0,1,0.00544749496519269,0.0738071471145762,0.182104082412831,1,none,8.5,0.0162315261218985,0.00550138236283852,0,0.244186046511628,0.965116279069767,0,213.454224697177,0
stoch,16,CDR2-4,40,10,65,0,1,0.00440199592998453,0.0663475389896606,0.182552848641822,1,none,8.5,0.0202425206387135,0.00639836695037398,0,0.104651162790698,0.941860465116279,0,218.044427452921,0
stoch,17,CDR2-4,40,10,65,0,1,0.00436792552730732,0.0660902831534812,0.175569430865264,1,none,8.5,0.015929571242287,0.00549641084823396,0,0.255813953488372,0.941860465116279,0,295.41497912325,0
stoch,18,CDR2-4,40,10,65,0,1,0.00449862026493555,0.0670717545986055,0.182007580076838,1,none,8.5,0.0205134487627791,0.00639660552398507,0,0.13953488372093,0.965116279069767,0,198.672588208685,0
stoch,19,CDR2-4,40,10,65,0,1,0.00531118053179966,0.0728778466462866,0.184930281283772,1,none,8.5,0.0196146231920892,0.00644983329703767,0.0116279069767442,0.22093023255814,0.953488372093023,0,232.738537292684,0
stoch,20,CDR2-4,40,10,65,0,1,0.00403897537175323,0.0635529336203548,0.176266849891802,1,none,8.5,0.0174656688482686,0.00615884363318239,0,0.22093023255814,0.941860465116279,0,289.055307267816,0
delay_100ms,0,CDR2-4,40,10,65,0.1,0,0.00418732208117832,0.0647095207923712,0.177924216745901,1,none,8.5,0.0174391658225067,0.00570197051434157,0,0,1,0,336.693229040971,0
delay_200ms,0,CDR2-4,40,10,65,0.2,0,0.00445273615371439,0.0667288255082793,0.179087464302775,1,none,8.5,0.0205156264705798,0.00636368292212775,0,0,1,0,238.171323446872,0
nominal,0,Optimized,40,40,65,0,0,0.00357216047671168,0.0597675537119571,0.176134283029457,1,none,8.5,0.0178917380010302,0.00312937264569514,0,0,0.909090909090909,0,1593.08362366292,1
stoch,1,Optimized,40,40,65,0,1,0.00409472291103395,0.063990021964631,0.185294999551824,1,none,8.5,0.0163841322305527,0.00335880386430931,0,0.032258064516129,0.882697947214076,0,1527.96454393384,1
stoch,2,Optimized,40,40,65,0,1,0.00386295587577184,0.06215268196765,0.181342880854764,1,none,8.5,0.0179129849973834,0.00360173782473279,0,0.0410557184750733,0.926686217008798,0,1534.98528335203,1
stoch,3,Optimized,40,40,65,0,1,0.00386043516562967,0.0621324002886551,0.183798394129275,1,none,8.5,0.017222648025811,0.0032720038139371,0,0.0293255131964809,0.891495601173021,0,1540.43055969335,1
stoch,4,Optimized,40,40,65,0,1,0.00399726122507831,0.0632238975789876,0.183386187715627,1,none,8.5,0.0169573855396344,0.00340273172749239,0,0.0351906158357771,0.873900293255132,0,1528.07259781489,1
stoch,5,Optimized,40,40,65,0,1,0.00399386944933286,0.0631970683602718,0.183869098333729,1,none,8.5,0.0163532989368291,0.00330991950285288,0,0.0439882697947214,0.885630498533724,0,1534.94667631398,1
stoch,6,Optimized,40,40,65,0,1,0.00420497770195948,0.0648457994164578,0.186934378636997,1,none,8.5,0.0169606115816233,0.00349892463795836,0,0.0410557184750733,0.853372434017595,0,1519.54390172153,1
stoch,7,Optimized,40,40,65,0,1,0.00367740931191574,0.0606416466787945,0.17770608021208,1,none,8.5,0.0181271607838399,0.00352803899876097,0,0.0498533724340176,0.897360703812317,0,1553.31592642732,1
stoch,8,Optimized,40,40,65,0,1,0.00421825272662483,0.0649480771587953,0.187253433075518,1,none,8.5,0.0161159798336933,0.00330289937546315,0,0.0293255131964809,0.900293255131965,0,1526.386557565,1
stoch,9,Optimized,40,40,65,0,1,0.00372118277241231,0.0610014981161308,0.180306387545369,1,none,8.5,0.0174950205744342,0.00330764031082326,0,0.0410557184750733,0.897360703812317,0,1537.98399332324,1
stoch,10,Optimized,40,40,65,0,1,0.00362530701114182,0.0602105224287401,0.178270530238852,1,none,8.5,0.0188226282960417,0.00331288374549166,0,0.032258064516129,0.912023460410557,0,1566.34715675007,1
stoch,11,Optimized,40,40,65,0,1,0.00383167704532258,0.0619005415592027,0.183201614901992,1,none,8.5,0.0169453953924663,0.0032644358912323,0,0.0293255131964809,0.92375366568915,0,1541.68292579628,1
stoch,12,Optimized,40,40,65,0,1,0.00373125640408845,0.061084011034709,0.179474878097998,1,none,8.5,0.018612466461228,0.00377647394674902,0,0.0351906158357771,0.873900293255132,0,1547.45657058167,1
stoch,13,Optimized,40,40,65,0,1,0.00371090419779212,0.0609171913156879,0.178410016565398,1,none,8.5,0.0180492967233271,0.00346650646270155,0,0.0205278592375367,0.929618768328446,0,1549.29258632218,1
stoch,14,Optimized,40,40,65,0,1,0.00397237651128881,0.0630267920117215,0.183277384487788,1,none,8.5,0.0173147377670278,0.00315494232126552,0,0.0175953079178886,0.909090909090909,0,1516.73512833972,1
stoch,15,Optimized,40,40,65,0,1,0.00391846357820103,0.0625976323689725,0.182746528006883,1,none,8.5,0.0174853365646466,0.00326159033863652,0,0.032258064516129,0.897360703812317,0,1547.26903848116,1
stoch,16,Optimized,40,40,65,0,1,0.00408779156875069,0.0639358394701336,0.184440126184947,1,none,8.5,0.0171929708492442,0.0034045286146079,0,0.0293255131964809,0.926686217008798,0,1530.54459251265,1
stoch,17,Optimized,40,40,65,0,1,0.00363597568472484,0.060299052104696,0.179474371710362,1,none,8.5,0.0178406026482045,0.00352343387872392,0,0.0351906158357771,0.906158357771261,0,1567.88581818053,1
stoch,18,Optimized,40,40,65,0,1,0.00374805120778312,0.0612213296799662,0.179298801553496,1,none,8.5,0.0178313547385181,0.00344458993443488,0,0.0234604105571848,0.926686217008798,0,1564.73772142548,1
stoch,19,Optimized,40,40,65,0,1,0.00393677083854394,0.0627436916234926,0.183121699125125,1,none,8.5,0.017456779391345,0.0034410166798627,0,0.0381231671554252,0.885630498533724,0,1533.86450735745,1
stoch,20,Optimized,40,40,65,0,1,0.00374504458496389,0.0611967693997313,0.180309280158499,1,none,8.5,0.0178525433467907,0.00333374185874915,0,0.0381231671554252,0.912023460410557,0,1554.51079196084,1
delay_100ms,0,Optimized,40,40,65,0.1,0,0.00409246718455918,0.0639723939254986,0.181469094310701,1,none,8.5,0.0164255823250069,0.00816053706486085,0,0,0.914956011730205,0,1256.5326645618,1
delay_200ms,0,Optimized,40,40,65,0.2,0,0.00501158662028,0.0707925604868195,0.204721421652284,1,none,8.5,0.0175596537191199,0.0128503574874445,0,0,0.958944281524927,0,817.667850392705,1
nominal,0,Optimized,40,10,65,0,0,0.00449193034739195,0.0670218646964701,0.193521471310286,1,none,8.5,0.0173581881241249,0.0039834756699345,0,0,0.930232558139535,0,360.03502845264,0
stoch,1,Optimized,40,10,65,0,1,0.00525114599196833,0.0724647913953275,0.204626925772009,1,none,8.5,0.0151842746782199,0.00393920990979547,0,0.0232558139534884,0.906976744186046,0,243.378785478148,0
stoch,2,Optimized,40,10,65,0,1,0.00437841024585774,0.0661695567905494,0.188096819081224,1,none,8.5,0.0182387188330151,0.00416377523231498,0,0.0465116279069767,0.895348837209302,0,293.57735037494,0
stoch,3,Optimized,40,10,65,0,1,0.00473767637820341,0.0688307807467227,0.199396342616228,1,none,8.5,0.0171712295392384,0.00396221755058613,0,0.0348837209302326,0.953488372093023,0,360.466495618533,0
stoch,4,Optimized,40,10,65,0,1,0.00508784546370797,0.0713291347466655,0.204690034205594,1,none,8.5,0.0170466325392407,0.00434972159201261,0,0.0465116279069767,0.965116279069767,0,341.964810093359,0
stoch,5,Optimized,40,10,65,0,1,0.00490033883584268,0.0700024202141803,0.201466329915371,1,none,8.5,0.0163293589066029,0.00393056549465653,0,0.0813953488372093,0.883720930232558,0,322.40057899936,0
stoch,6,Optimized,40,10,65,0,1,0.00493811147917906,0.0702716975686447,0.194646105952692,1,none,8.5,0.0177274504617922,0.0044016271938436,0,0.0232558139534884,0.895348837209302,0,333.890873126203,0
stoch,7,Optimized,40,10,65,0,1,0.00526029249047804,0.0725278738863759,0.20354877089542,1,none,8.5,0.0150438236114827,0.00392022874139724,0,0.0697674418604651,0.918604651162791,0,370.802217199254,0
stoch,8,Optimized,40,10,65,0,1,0.00440443289427053,0.0663659015931414,0.196251313465501,1,none,8.5,0.0176247936813883,0.0044947866948097,0,0.0232558139534884,0.906976744186046,0,344.291000619453,0
stoch,9,Optimized,40,10,65,0,1,0.00504025141481134,0.0709947280775928,0.197847496942142,1,none,8.5,0.0177870577980236,0.00448000364138022,0,0.0465116279069767,0.883720930232558,0,319.316804074973,0
stoch,10,Optimized,40,10,65,0,1,0.00532497741643027,0.072972442856398,0.199418947844849,1,none,8.5,0.0195009363960398,0.00407817305862796,0,0.0348837209302326,0.883720930232558,0,327.976092170229,0
stoch,11,Optimized,40,10,65,0,1,0.00483733232845975,0.0695509333399614,0.198967792524355,1,none,8.5,0.0157813765541733,0.00427254651181295,0,0.0465116279069767,0.941860465116279,0,334.596737021099,0
stoch,12,Optimized,40,10,65,0,1,0.00435770125006447,0.066012886999922,0.194187397478094,1,none,8.5,0.0178681242503779,0.00466877353727376,0,0.0348837209302326,0.930232558139535,0,370.724349402557,0
stoch,13,Optimized,40,10,65,0,1,0.00501500250067129,0.0708166823613708,0.201677060631996,1,none,8.5,0.0168530742255586,0.00429618660731173,0,0.0232558139534884,0.872093023255814,0,262.367890456897,0
stoch,14,Optimized,40,10,65,0,1,0.00462290592145849,0.0679919548289244,0.187876789353117,1,none,8.5,0.0192219729970463,0.00385684511912672,0,0.0581395348837209,0.895348837209302,0,310.338795640517,0
stoch,15,Optimized,40,10,65,0,1,0.00481667168838446,0.0694022455572185,0.190813911146521,1,none,8.5,0.0189107275566152,0.00400824493206431,0,0.0581395348837209,0.895348837209302,0,316.174344459394,0
stoch,16,Optimized,40,10,65,0,1,0.00463612603620803,0.0680891036525524,0.197021553178613,1,none,8.5,0.0176650825569961,0.00451232150702418,0,0.0116279069767442,0.895348837209302,0,322.785773057416,0
stoch,17,Optimized,40,10,65,0,1,0.00425598148411979,0.065237883810864,0.187007408971136,1,none,8.5,0.0188138540309451,0.00419550557379183,0,0.0581395348837209,0.941860465116279,0,331.942309065144,0
stoch,18,Optimized,40,10,65,0,1,0.00486109136526234,0.0697215272728756,0.201176982733229,1,none,8.5,0.0174692060481368,0.00453204142635913,0,0.0348837209302326,0.941860465116279,0,295.21500348418,0
stoch,19,Optimized,40,10,65,0,1,0.00481838695449239,0.0694146018824022,0.196486087633147,1,none,8.5,0.0180059822385272,0.00470463977089203,0,0.0581395348837209,0.895348837209302,0,351.030916551012,0
stoch,20,Optimized,40,10,65,0,1,0.00474512690102231,0.0688848815127261,0.200277303915938,1,none,8.5,0.0195273438014187,0.00440037259137889,0,0.0348837209302326,0.906976744186046,0,323.280983348724,0
delay_100ms,0,Optimized,40,10,65,0.1,0,0.00462091174668758,0.0679772884623061,0.19513182064288,1,none,8.5,0.0172577859642759,0.00419410030074485,0,0,0.941860465116279,0,329.779577960398,0
delay_200ms,0,Optimized,40,10,65,0.2,0,0.00482251275442859,0.0694443140539856,0.197371005302223,1,none,8.5,0.0170005900476086,0.0048803041928905,0,0,0.941860465116279,0,319.337880512708,0
nominal,0,PPO_base,40,40,65,0,0,0.000106440815479777,0.0103170158224061,0.01816066693487,1,none,8.5,0.0561572896398799,0.00944717226216487,0.0557184750733138,0.0821114369501466,0.967741935483871,0,1698.91959249777,1
stoch,1,PPO_base,40,40,65,0,1,0.00010929193993967,0.0104542785470672,0.0180205127581761,1,none,8.5,0.0559573468277447,0.00943174190014424,0.0850439882697947,0.0850439882697947,0.958944281524927,0,1657.67362361022,1
stoch,2,PPO_base,40,40,65,0,1,0.000105797506373048,0.0102857914801462,0.0170338451060801,1,none,8.5,0.0567263645115962,0.00951464062975708,0.0762463343108504,0.105571847507331,0.950146627565982,0,1655.53372764096,1
stoch,3,PPO_base,40,40,65,0,1,0.000104212441486314,0.0102084495143148,0.0180356025180846,1,none,8.5,0.0555967664472635,0.0093834418217924,0.0821114369501466,0.0821114369501466,0.956011730205279,0,1657.2159198457,1
stoch,4,PPO_base,40,40,65,0,1,0.000103883181824022,0.0101923099356339,0.0176136338735549,1,none,8.5,0.056844643123626,0.00953351426333817,0.105571847507331,0.0909090909090909,0.961876832844575,0,1654.98039517546,1
stoch,5,PPO_base,40,40,65,0,1,0.000105638129828558,0.0102780411474443,0.0177517567003406,1,none,8.5,0.0559371066866486,0.00942096856807764,0.0674486803519062,0.0645161290322581,0.961876832844575,0,1651.90083120212,1
stoch,6,PPO_base,40,40,65,0,1,0.000105162568665395,0.0102548802365213,0.0177848953662228,1,none,8.5,0.0568034137981194,0.00951985135600825,0.0850439882697947,0.102639296187683,0.967741935483871,0,1664.47586367306,1
stoch,7,PPO_base,40,40,65,0,1,0.000105728238558036,0.010282423768647,0.0177825269143517,1,none,8.5,0.0559085434910458,0.00942183457826514,0.0821114369501466,0.093841642228739,0.953079178885631,0,1658.41335465527,1
stoch,8,PPO_base,40,40,65,0,1,0.000106581946522622,0.010323853278821,0.0179238548116727,1,none,8.5,0.0557195971748388,0.00940065101432846,0.0821114369501466,0.105571847507331,0.961876832844575,0,1660.39691733789,1
stoch,9,PPO_base,40,40,65,0,1,0.000105463796305696,0.010269556772602,0.0178642396133514,1,none,8.5,0.0567913813217448,0.00951734056168757,0.114369501466276,0.0967741935483871,0.950146627565982,0,1653.09405694174,1
stoch,10,PPO_base,40,40,65,0,1,0.000105186746202532,0.0102560589995637,0.017741596564321,1,none,8.5,0.0572888054157656,0.00956678151060705,0.117302052785924,0.0909090909090909,0.93841642228739,0,1655.87092931915,1
stoch,11,PPO_base,40,40,65,0,1,0.000105841983151674,0.0102879533023665,0.0176118015411449,1,none,8.5,0.0553747710690992,0.00935598546763049,0.0762463343108504,0.093841642228739,0.944281524926686,0,1655.21396323229,1
stoch,12,PPO_base,40,40,65,0,1,0.000106111020759234,0.0103010203746635,0.0176635754117206,1,none,8.5,0.0568106610398703,0.00952544498312985,0.0997067448680352,0.105571847507331,0.958944281524927,0,1660.48982706337,1
stoch,13,PPO_base,40,40,65,0,1,0.000107096729117641,0.0103487549549519,0.0174192401528551,1,none,8.5,0.0569955514571644,0.0095512987305267,0.111436950146628,0.093841642228739,0.93841642228739,0,1661.55981169211,1
stoch,14,PPO_base,40,40,65,0,1,0.000102368085799517,0.0101177114902293,0.0173165763054441,1,none,8.5,0.0565963155956346,0.00949213053945931,0.0909090909090909,0.0879765395894428,0.947214076246334,0,1660.20766118334,1
stoch,15,PPO_base,40,40,65,0,1,0.000105875112776873,0.0102895632937882,0.0178916783410158,1,none,8.5,0.0563012196325222,0.0094608345930967,0.0909090909090909,0.0733137829912024,0.964809384164223,0,1661.84079981193,1
stoch,16,PPO_base,40,40,65,0,1,0.000103424637014953,0.0101697904115548,0.0167364740668234,1,none,8.5,0.0556190742130997,0.00937975045236793,0.0791788856304985,0.102639296187683,0.950146627565982,0,1651.03374320465,1
stoch,17,PPO_base,40,40,65,0,1,0.000104893222987217,0.0102417392559671,0.0174092466448891,1,none,8.5,0.0562695594099432,0.00945684159241743,0.0967741935483871,0.0645161290322581,0.956011730205279,0,1665.49240896229,1
stoch,18,PPO_base,40,40,65,0,1,0.000104715080200015,0.0102330386591674,0.0175091705932647,1,none,8.5,0.0570057613868776,0.00954713513669362,0.0850439882697947,0.0821114369501466,0.950146627565982,0,1654.04460643004,1
stoch,19,PPO_base,40,40,65,0,1,0.000107966326665592,0.010390684610053,0.0178582725030562,1,none,8.5,0.0560742082294228,0.00943720108148665,0.0850439882697947,0.0791788856304985,0.941348973607038,0,1658.9066260936,1
stoch,20,PPO_base,40,40,65,0,1,0.000102774656293361,0.010137783598665,0.0176146514311648,1,none,8.5,0.0567025451333329,0.00950022660212984,0.0791788856304985,0.0586510263929619,0.950146627565982,0,1659.93584022955,1
delay_100ms,0,PPO_base,40,40,65,0.1,0,0.00159971154541322,0.0399963941551389,0.0694390942973016,1,none,8.5,0.0439563295984133,0.0136159060330792,0.240469208211144,0.360703812316716,0.926686217008798,0,799.690266829373,1
delay_200ms,0,PPO_base,40,40,65,0.2,0,0.00395287525217963,0.0628718955669354,0.10979456724427,1,none,8.5,0.0405895442752256,0.0190231765322929,0.3841642228739,0.44574780058651,0.93841642228739,0,352.512996717825,1
nominal,0,PPO_base,40,10,65,0,0,0.00127108821680606,0.0356523241431194,0.0449618553151863,1,none,8.5,0.0505977948923911,0.0110824839992422,0.0465116279069767,0.0581395348837209,0.976744186046512,0,161.504192494057,0
stoch,1,PPO_base,40,10,65,0,1,0.00131803216155615,0.0363047126631812,0.0454660449456753,1,none,8.5,0.0503801407461984,0.0110735992273457,0.0465116279069767,0.0581395348837209,0.965116279069767,0,154.546245642127,0
stoch,2,PPO_base,40,10,65,0,1,0.00125115305733476,0.0353716419937605,0.045093170799219,1,none,8.5,0.0510742729256984,0.011142773762184,0.0697674418604651,0.0348837209302326,0.965116279069767,0,153.697341774179,0
stoch,3,PPO_base,40,10,65,0,1,0.00124991077100375,0.0353540771482407,0.0450122042227017,1,none,8.5,0.0512866145392228,0.0111555893770891,0.0465116279069767,0.0581395348837209,0.965116279069767,0,158.1580173698,0
stoch,4,PPO_base,40,10,65,0,1,0.00128165746010725,0.035800243855416,0.0454542797779081,1,none,8.5,0.0515564118618968,0.011216904579228,0.0581395348837209,0.0348837209302326,0.976744186046512,0,152.627985451709,0
stoch,5,PPO_base,40,10,65,0,1,0.00126154335162823,0.0355182115488412,0.044768532935394,1,none,8.5,0.0509990757038524,0.0111098130230889,0.0581395348837209,0.0581395348837209,0.976744186046512,0,158.289154044226,0
stoch,6,PPO_base,40,10,65,0,1,0.00126470984265532,0.0355627592103779,0.0448967927327315,1,none,8.5,0.0520841980393592,0.0112532602754562,0.0581395348837209,0.0465116279069767,0.965116279069767,0,154.721375109057,0
stoch,7,PPO_base,40,10,65,0,1,0.00125925388110449,0.0354859673829599,0.0447089958827398,1,none,8.5,0.0502743717132976,0.0110269085582065,0.0930232558139535,0.0697674418604651,0.965116279069767,0,157.114912402712,0
stoch,8,PPO_base,40,10,65,0,1,0.00127829611773074,0.0357532672315516,0.0450364222461007,1,none,8.5,0.0500827755874968,0.0110377794061539,0.0348837209302326,0.0581395348837209,0.976744186046512,0,153.195134463697,0
stoch,9,PPO_base,40,10,65,0,1,0.00126633395766478,0.0355855863751713,0.0451548386650109,1,none,8.5,0.0507935671846335,0.0111114304797122,0.0465116279069767,0.0697674418604651,0.976744186046512,0,160.172074218333,0
stoch,10,PPO_base,40,10,65,0,1,0.00123940155631946,0.0352051353685717,0.0449023170606997,1,none,8.5,0.0522087218818957,0.0112642767440259,0.0581395348837209,0.0348837209302326,0.965116279069767,0,157.435150498272,0
stoch,11,PPO_base,40,10,65,0,1,0.00127001161744786,0.0356372223587622,0.04482648322514,1,none,8.5,0.0508762444948468,0.0111120149531189,0.0581395348837209,0.0465116279069767,0.976744186046512,0,156.047596440601,0
stoch,12,PPO_base,40,10,65,0,1,0.0012697112097991,0.0356330073078192,0.0451378435776882,1,none,8.5,0.0506760207116105,0.0110943107433978,0.0465116279069767,0.0581395348837209,0.976744186046512,0,156.136925452238,0
stoch,13,PPO_base,40,10,65,0,1,0.00130355937089114,0.0361048386077426,0.0453774938021589,1,none,8.5,0.0506598098049718,0.0111126638407413,0.0697674418604651,0.0465116279069767,0.976744186046512,0,153.584466905599,0
stoch,14,PPO_base,40,10,65,0,1,0.00125858284846301,0.0354765112216944,0.0449232189551457,1,none,8.5,0.0519222454389986,0.0112162915679624,0.0581395348837209,0.0581395348837209,0.965116279069767,0,155.437653284506,0
stoch,15,PPO_base,40,10,65,0,1,0.00128335671646031,0.0358239684633111,0.045471792820742,1,none,8.5,0.0513859800377883,0.0111844760615751,0.0581395348837209,0.0465116279069767,0.976744186046512,0,156.165261766234,0
stoch,16,PPO_base,40,10,65,0,1,0.00129511771882527,0.0359877440085547,0.0452591516688178,1,none,8.5,0.0508434491594875,0.0111295739528832,0.104651162790698,0.0465116279069767,0.965116279069767,0,155.866182470775,0
stoch,17,PPO_base,40,10,65,0,1,0.00126218286866525,0.0355272130720276,0.0448306366124452,1,none,8.5,0.0503763908302966,0.0110366600411726,0.0697674418604651,0.0697674418604651,0.976744186046512,0,155.483004859926,0
stoch,18,PPO_base,40,10,65,0,1,0.00129132953615584,0.0359350738994069,0.0450698436864625,1,none,8.5,0.0501384566499507,0.0110524054635692,0.0465116279069767,0.0348837209302326,0.976744186046512,0,152.951179106951,0
stoch,19,PPO_base,40,10,65,0,1,0.00127143166597308,0.035657140462649,0.0451741231784247,1,none,8.5,0.0509967784974698,0.0111502855921512,0.0465116279069767,0.0581395348837209,0.976744186046512,0,153.902379353657,0
stoch,20,PPO_base,40,10,65,0,1,0.00122929509922795,0.0350613048705828,0.0450047656626284,1,none,8.5,0.0518120722221984,0.0112266152834234,0.0930232558139535,0.0581395348837209,0.976744186046512,0,157.428676331833,0
delay_100ms,0,PPO_base,40,10,65,0.1,0,0.00201070935203055,0.0448409338889206,0.0659830041220797,1,none,8.5,0.0443904080297087,0.0105295567608428,0.13953488372093,0.186046511627907,0.941860465116279,0,125.768435016272,0
delay_200ms,0,PPO_base,40,10,65,0.2,0,0.00419842922289483,0.064795287042306,0.108914950933404,1,none,8.5,0.0345323874624984,0.0114183314236199,0.186046511627907,0.27906976744186,0.918604651162791,0,98.326216375217,0
nominal,0,ppo_10hz,10,40,65,0,0,0.00431301736669007,0.0656735667273377,0.186643987273506,1,none,8.5,0.0111112076501008,0.00326715166273206,0,0,1,0,1544.76481198493,0
stoch,1,ppo_10hz,10,40,65,0,1,0.00483189849037716,0.0695118586312952,0.193248331483573,1,none,8.5,0.0107900780235174,0.00337515221034368,0,0.0146627565982405,0.961876832844575,0,1488.9461135264,0
stoch,2,ppo_10hz,10,40,65,0,1,0.00436398906265448,0.0660604954769072,0.18785863572589,1,none,8.5,0.0118485206977091,0.00383615597288475,0,0.0205278592375367,0.958944281524927,0,1499.91201492874,0
stoch,3,ppo_10hz,10,40,65,0,1,0.00449282237879259,0.0670285191451563,0.191101901979067,1,none,8.5,0.0113031746760012,0.00341177516496513,0,0.032258064516129,0.964809384164223,0,1498.88007436594,0
stoch,4,ppo_10hz,10,40,65,0,1,0.00447327440395563,0.0668825418472984,0.190957605094893,1,none,8.5,0.0114604817277601,0.0035875312119682,0.00293255131964809,0.0263929618768328,0.973607038123167,0,1509.25075496868,0
stoch,5,ppo_10hz,10,40,65,0,1,0.00471094975929239,0.0686363588726295,0.1926430508105,1,none,8.5,0.0104710248685924,0.00350897027237692,0,0.0293255131964809,0.947214076246334,0,1499.09663606557,0
stoch,6,ppo_10hz,10,40,65,0,1,0.00456806411759707,0.0675874553271321,0.190227187737782,1,none,8.5,0.0115434908819503,0.00369551785228946,0.00293255131964809,0.0263929618768328,0.93841642228739,0,1506.99727028111,0
stoch,7,ppo_10hz,10,40,65,0,1,0.00455900469822475,0.0675204020887372,0.192694360447169,1,none,8.5,0.0115972064014517,0.00366188679680872,0,0.0439882697947214,0.973607038123167,0,1513.58050918207,0
stoch,8,ppo_10hz,10,40,65,0,1,0.00456164823763156,0.0675399751083131,0.191256004096104,1,none,8.5,0.010634863635467,0.00356462077034072,0,0.0234604105571848,0.958944281524927,0,1510.70836082691,0
stoch,9,ppo_10hz,10,40,65,0,1,0.00446344354110444,0.066809007933844,0.192734834942719,1,none,8.5,0.0115856829264322,0.00347080866515265,0,0.0263929618768328,0.961876832844575,0,1509.98776236151,0
stoch,10,ppo_10hz,10,40,65,0,1,0.00405964961984208,0.0637153797747615,0.183466021320092,1,none,8.5,0.012761756928743,0.00358557630157284,0,0.0205278592375367,0.958944281524927,0,1534.35392484472,0
stoch,11,ppo_10hz,10,40,65,0,1,0.00453911096118708,0.0673729245408501,0.191739878953977,1,none,8.5,0.0107892478547372,0.00344389665516281,0,0.032258064516129,0.961876832844575,0,1506.50884369458,0
stoch,12,ppo_10hz,10,40,65,0,1,0.00427842690720154,0.0654096851177372,0.18604319392155,1,none,8.5,0.0128069912904529,0.0039943218336203,0,0.0234604105571848,0.976539589442815,0,1509.36283351509,0
stoch,13,ppo_10hz,10,40,65,0,1,0.00440100251399735,0.0663400521103003,0.187546260863459,1,none,8.5,0.0121605956989008,0.0037467069063582,0,0.00879765395894428,0.958944281524927,0,1505.80880502821,0
stoch,14,ppo_10hz,10,40,65,0,1,0.00454553291328561,0.0674205674352094,0.191207472032864,1,none,8.5,0.0115961181301032,0.00357154988807036,0,0.0146627565982405,0.958944281524927,0,1515.3819174582,0
stoch,15,ppo_10hz,10,40,65,0,1,0.00457178665980705,0.0676149884256963,0.190596007134521,1,none,8.5,0.0120632617430853,0.00376034951347979,0,0.0293255131964809,0.953079178885631,0,1512.753581928,0
stoch,16,ppo_10hz,10,40,65,0,1,0.00451426311853028,0.0671882662265538,0.189492784710083,1,none,8.5,0.0115377207615291,0.00367506173841586,0,0.0146627565982405,0.947214076246334,0,1511.63237453628,0
stoch,17,ppo_10hz,10,40,65,0,1,0.0042212476980645,0.0649711297274759,0.187269232163262,1,none,8.5,0.0116538133374723,0.00367886528128589,0,0.0381231671554252,0.961876832844575,0,1533.87762198478,0
stoch,18,ppo_10hz,10,40,65,0,1,0.00449080890922674,0.0670134979629234,0.189655993307417,1,none,8.5,0.0115862681190399,0.00367404234205787,0,0.0205278592375367,0.973607038123167,0,1519.12139265589,0
stoch,19,ppo_10hz,10,40,65,0,1,0.00433827164502138,0.0658655573499639,0.188211376531441,1,none,8.5,0.0119403094445752,0.00364499970234047,0,0.0234604105571848,0.941348973607038,0,1507.95704214055,0
stoch,20,ppo_10hz,10,40,65,0,1,0.00440068137893353,0.0663376316952417,0.188055508001286,1,none,8.5,0.011900571167918,0.00362638725840252,0.00586510263929619,0.0293255131964809,0.964809384164223,0,1520.10017088255,0
delay_100ms,0,ppo_10hz,10,40,65,0.1,0,0.00427272805552771,0.0653661078505345,0.18796420515458,1,none,8.5,0.0123375308988592,0.00758124143668081,0,0,1,0,1353.70707727715,0
delay_200ms,0,ppo_10hz,10,40,65,0.2,0,0.00463112025529537,0.0680523346792406,0.19376528157882,1,none,8.5,0.0223331300874267,0.01734105016269,0.0293255131964809,0,1,0,582.140491600188,0
nominal,0,ppo_10hz,10,10,65,0,0,0.00438438757365865,0.0662147081369287,0.190026532289763,1,none,8.5,0.0132863491522225,0.00418772938254014,0,0,1,0,380.692212092042,1
stoch,1,ppo_10hz,10,10,65,0,1,0.00501348696849507,0.0708059811632822,0.1989492688344,1,none,8.5,0.012279991515352,0.00421603987298848,0,0.0116279069767442,0.976744186046512,0,353.566528031621,1
stoch,2,ppo_10hz,10,10,65,0,1,0.0045079344294658,0.0671411530245482,0.192315748709046,1,none,8.5,0.014117169429789,0.00439015468975354,0,0.0581395348837209,0.965116279069767,0,368.554893514133,1
stoch,3,ppo_10hz,10,10,65,0,1,0.00486430796851804,0.0697445909624398,0.193582970287351,1,none,8.5,0.0137843041469439,0.00424352983366076,0,0.0348837209302326,0.941860465116279,0,357.067915291081,1
stoch,4,ppo_10hz,10,10,65,0,1,0.00468086170766855,0.0684168232795747,0.187381474585337,1,none,8.5,0.0147290465054522,0.004498302219055,0,0.0465116279069767,0.953488372093023,0,365.686687247184,1
stoch,5,ppo_10hz,10,10,65,0,1,0.00461520998153005,0.0679353367661488,0.194895303807006,1,none,8.5,0.0128800033542811,0.00440401266907262,0,0.0348837209302326,0.941860465116279,0,374.899864118204,1
stoch,6,ppo_10hz,10,10,65,0,1,0.00454742318610785,0.0674345844957011,0.192097428730448,1,none,8.5,0.0146908431968792,0.00458875728179993,0,0.0232558139534884,0.930232558139535,0,372.763683056114,1
stoch,7,ppo_10hz,10,10,65,0,1,0.00453933194501063,0.0673745645255732,0.197369350820689,1,none,8.5,0.0121597023915549,0.00424379215128431,0.0116279069767442,0.0348837209302326,0.965116279069767,0,369.585920117933,1
stoch,8,ppo_10hz,10,10,65,0,1,0.00462046515057046,0.0679740034908233,0.200521712621127,1,none,8.5,0.0126924917212652,0.00448795174833946,0,0.0348837209302326,0.953488372093023,0,375.045199152009,1
stoch,9,ppo_10hz,10,10,65,0,1,0.00424065854082131,0.0651203389182006,0.187810796285252,1,none,8.5,0.0153722346122758,0.00462109417895748,0,0.0465116279069767,0.953488372093023,0,368.1065826671,1
stoch,10,ppo_10hz,10,10,65,0,1,0.00396540402004292,0.0629714540092805,0.177406254771539,1,none,8.5,0.0165651028855686,0.00456795290299598,0,0.0348837209302326,0.988372093023256,0,376.353251210226,1
stoch,11,ppo_10hz,10,10,65,0,1,0.00476226785597397,0.0690091867505622,0.195592542862555,1,none,8.5,0.0125527025330511,0.00444622889349606,0,0.0581395348837209,0.976744186046512,0,371.449589646818,1
stoch,12,ppo_10hz,10,10,65,0,1,0.00456421499232611,0.0675589741805344,0.194553232263296,1,none,8.5,0.0142199309296641,0.00467342894318066,0,0.0581395348837209,0.953488372093023,0,368.432312669708,1
stoch,13,ppo_10hz,10,10,65,0,1,0.00496563829339992,0.0704672852705418,0.195514446854416,1,none,8.5,0.0125652802397235,0.00437711343779457,0,0.0116279069767442,0.918604651162791,0,364.372931591101,1
stoch,14,ppo_10hz,10,10,65,0,1,0.00441530101608932,0.0664477314593156,0.190813048585901,1,none,8.5,0.0164306325968654,0.00443736148912271,0,0.0465116279069767,0.941860465116279,0,367.683095703553,1
stoch,15,ppo_10hz,10,10,65,0,1,0.00490963420344452,0.0700687819463455,0.194770324273122,1,none,8.5,0.0162662354353782,0.00449951469424521,0,0.0465116279069767,0.918604651162791,0,368.819623684785,1
stoch,16,ppo_10hz,10,10,65,0,1,0.00450492514096442,0.0671187391192983,0.188295984475826,1,none,8.5,0.0145727654067013,0.00467107833229644,0,0.0232558139534884,0.953488372093023,0,372.059991124469,1
stoch,17,ppo_10hz,10,10,65,0,1,0.00467328254253115,0.0683614112093303,0.191769121097877,1,none,8.5,0.0142753706738592,0.00436883002462613,0,0.0465116279069767,0.953488372093023,0,369.314655557382,1
stoch,18,ppo_10hz,10,10,65,0,1,0.00441610282878494,0.066453764594528,0.19218367609777,1,none,8.5,0.0140326690051093,0.00461584104893921,0,0.0232558139534884,0.953488372093023,0,363.946992910394,1
stoch,19,ppo_10hz,10,10,65,0,1,0.00440165758404559,0.0663449891404437,0.185083341658661,1,none,8.5,0.015057728228154,0.00473159005427486,0,0.0348837209302326,0.941860465116279,0,365.916089490524,1
stoch,20,ppo_10hz,10,10,65,0,1,0.00389910946824265,0.0624428496166106,0.179366976558367,1,none,8.5,0.0164623048532899,0.00457992259751518,0,0.0232558139534884,0.965116279069767,0,371.883913652607,1
delay_100ms,0,ppo_10hz,10,10,65,0.1,0,0.00445669963207171,0.0667585172998301,0.190536779562183,1,none,8.5,0.0132510070147824,0.00462779065056434,0,0,1,0,363.462897218073,1
delay_200ms,0,ppo_10hz,10,10,65,0.2,0,0.00456805150426682,0.0675873620158889,0.193047492046727,1,none,8.5,0.0171976907442643,0.00825936859152898,0,0,1,0,271.350966619137,1
mass,19,CDR2-4,40,40,65.9903469102782,0,0,0.00345947038734311,0.0588172626644858,0.173327732864388,1,none,8.5,0.0123969484678131,0.00351397268411846,0,0,1,0,1561.04424374071,1
mass,19,CDR2-4,40,10,65.9903469102782,0,0,0.00403194917593471,0.063497631262392,0.177127924197036,1,none,8.5,0.0154347788446387,0.00524292895511341,0,0,1,0,356.991887168541,0
mass,19,Optimized,40,40,65.9903469102782,0,0,0.00355760230052314,0.0596456394091231,0.175873104655035,1,none,8.5,0.0177580507854027,0.0031047053487703,0,0,0.909090909090909,0,1593.18915246837,1
mass,19,Optimized,40,10,65.9903469102782,0,0,0.00447662128805196,0.0669075577797603,0.193287357798787,1,none,8.5,0.017228793193413,0.00395159326948938,0,0,0.930232558139535,0,360.063594056522,0
mass,19,PPO_base,40,40,65.9903469102782,0,0,0.000101788001019334,0.0100890039656714,0.0175399704398436,1,none,8.5,0.0557645214221398,0.00937310165122299,0.0557184750733138,0.0821114369501466,0.967741935483871,0,1695.00765136386,1
mass,19,PPO_base,40,10,65.9903469102782,0,0,0.00126606438629582,0.0355817985253109,0.0448847804533236,1,none,8.5,0.0501173047852961,0.0109769128325257,0.0465116279069767,0.0581395348837209,0.976744186046512,0,165.516537308153,0
mass,19,ppo_10hz,10,40,65.9903469102782,0,0,0.00430011285213003,0.0655752457267987,0.18642901055873,1,none,8.5,0.0110268015116053,0.00324074680367416,0,0,1,0,1544.85732517344,0
mass,19,ppo_10hz,10,10,65.9903469102782,0,0,0.0043695362178931,0.0661024675628157,0.189784224167627,1,none,8.5,0.0131839825047177,0.00415369344203583,0,0,1,0,380.719795741918,1
mass,8,CDR2-4,40,40,66.6525523570586,0,0,0.00345266707755209,0.0587593999080325,0.173200736989096,1,none,8.5,0.0123353571341443,0.00349462871160909,0,0,1,0,1562.09386986646,1
mass,8,CDR2-4,40,10,66.6525523570586,0,0,0.00402558624062185,0.0634475077573726,0.176997441463585,1,none,8.5,0.0153442103039559,0.00521311803626171,0,0,1,0,357.004442212736,0
mass,8,Optimized,40,40,66.6525523570586,0,0,0.00354803202345069,0.0595653592572956,0.175701003400689,1,none,8.5,0.0176697025569241,0.00308842714350383,0,0,0.909090909090909,0,1593.25852165439,1
mass,8,Optimized,40,10,66.6525523570586,0,0,0.00446654835671407,0.0668322403987332,0.193133030289467,1,none,8.5,0.0171432744071564,0.00393055971310237,0,0,0.930232558139535,0,360.082387236892,0
mass,8,PPO_base,40,40,66.6525523570586,0,0,0.000102328673532268,0.0101157636158754,0.0176618211203051,1,none,8.5,0.0550873550990919,0.00927638784691965,0.0586510263929619,0.0850439882697947,0.967741935483871,0,1702.9727595982,1
mass,8,PPO_base,40,10,66.6525523570586,0,0,0.00126274850259311,0.0355351727531064,0.0448342609481136,1,none,8.5,0.0498013878764772,0.0109074742523515,0.0465116279069767,0.0581395348837209,0.976744186046512,0,167.525149143142,0
mass,8,ppo_10hz,10,40,66.6525523570586,0,0,0.00429163689408823,0.0655105861223072,0.186287547448423,1,none,8.5,0.010971017481608,0.00322333418815121,0,0,1,0,1544.91808890595,0
mass,8,ppo_10hz,10,10,66.6525523570586,0,0,0.00435979222886877,0.0660287227566062,0.189624825707909,1,none,8.5,0.0131163209614536,0.00413124228717065,0,0,1,0,380.737897423994,1
mass,1,CDR2-4,40,40,67.5452726186304,0,0,0.00344363937168515,0.0586825303790246,0.173031966136919,1,none,8.5,0.0122531965663241,0.00346888728266684,0,0,1,0,1564.15971410355,1
mass,1,CDR2-4,40,10,67.5452726186304,0,0,0.00401715333235186,0.0633810171293571,0.176824080493662,1,none,8.5,0.0152238504279014,0.00517346953144682,0,0,1,0,357.021078790696,0
mass,1,Optimized,40,40,67.5452726186304,0,0,0.00353533288665681,0.0594586653622229,0.175472135519576,1,none,8.5,0.0175519044033591,0.00306675052386903,0,0,0.909090909090909,0,1594.35056538567,1
mass,1,Optimized,40,10,67.5452726186304,0,0,0.00445317100534617,0.0667320837779413,0.19292772869123,1,none,8.5,0.0170292381066117,0.00390255873938084,0,0,0.930232558139535,0,363.107342849255,0
mass,1,PPO_base,40,40,67.5452726186304,0,0,9.95159849981379e-05,0.0099757698950075,0.0177831739623741,1,none,8.5,0.0549573445888627,0.00923556412757731,0.0527859237536657,0.0762463343108504,0.967741935483871,0,1703.12437174092,1
mass,1,PPO_base,40,10,67.5452726186304,0,0,0.00125826806912057,0.035472074496998,0.0447677721203713,1,none,8.5,0.049382924885646,0.0108154082971909,0.0465116279069767,0.0581395348837209,0.976744186046512,0,169.5378590418,0
mass,1,ppo_10hz,10,40,67.5452726186304,0,0,0.00428039777576591,0.0654247489545501,0.186099650359233,1,none,8.5,0.0108966358120305,0.00320016180072585,0,0,1,0,1545.99865989428,0
mass,1,ppo_10hz,10,10,67.5452726186304,0,0,0.00434687247113311,0.0659308157930198,0.189413049113226,1,none,8.5,0.0130261322348478,0.00410136211244429,0,0,1,0,380.761898486836,1
mass,9,CDR2-4,40,40,72.6905887043318,0,0,0.00339464336809453,0.0582635681030139,0.172110756004426,1,none,8.5,0.0117983502179573,0.00332762320009009,0,0,1,0,1564.51693737276,1
mass,9,CDR2-4,40,10,72.6905887043318,0,0,0.00397161365044897,0.0630207398437131,0.175878797925744,1,none,8.5,0.0145667227346086,0.00495635022978143,0,0,1,0,357.110876413102,0
mass,9,Optimized,40,40,72.6905887043318,0,0,0.00346637132856438,0.0588758976879706,0.174219275837267,1,none,8.5,0.0169009636227356,0.00294751250019241,0,0,0.909090909090909,0,1597.85029078494,1
mass,9,Optimized,40,10,72.6905887043318,0,0,0.0043803126424251,0.0661839303942059,0.191802444104937,1,none,8.5,0.0163989026035667,0.0037486837736867,0,0,0.930232558139535,0,368.243203626187,0
mass,9,PPO_base,40,40,72.6905887043318,0,0,0.000100177837957042,0.0100088879480711,0.017009335131168,1,none,8.5,0.0519650758780825,0.00875601395700445,0.0645161290322581,0.0762463343108504,0.967741935483871,0,1709.08557152181,1
mass,9,PPO_base,40,10,72.6905887043318,0,0,0.0012346971919213,0.0351382582368748,0.0444143279481925,1,none,8.5,0.0471036638139593,0.0103143328536472,0.0465116279069767,0.0581395348837209,0.976744186046512,0,185.607386955397,0
mass,9,ppo_10hz,10,40,72.6905887043318,0,0,0.00421953413054662,0.0649579412431353,0.185075788470231,1,none,8.5,0.010485520901852,0.00307299989075796,0,0,1,0,1550.43494302698,0
mass,9,ppo_10hz,10,10,72.6905887043318,0,0,0.00427691725084058,0.065398144093243,0.188257764796456,1,none,8.5,0.0125283101754018,0.00393732419397961,0,0,1,0,385.891848835927,1
mass,16,CDR2-4,40,40,74.2426134383133,0,0,0.00338081151393513,0.0581447462281428,0.171849023229013,1,none,8.5,0.0116671276569606,0.00328727581968361,0,0,1,0,1567.61774094555,1
mass,16,CDR2-4,40,10,74.2426134383133,0,0,0.00395881431997847,0.0629191093387253,0.17561037890141,1,none,8.5,0.014379839630655,0.00489442147371478,0,0,1,0,359.136098199302,0
mass,16,Optimized,40,40,74.2426134383133,0,0,0.00344688200869247,0.0587101525180481,0.173862080883469,1,none,8.5,0.0167135584926496,0.00291334423362564,0,0,0.909090909090909,0,1598.99147988859,1
mass,16,Optimized,40,10,74.2426134383133,0,0,0.00435965878390008,0.066027712241907,0.191481226727526,1,none,8.5,0.0162173666776107,0.00370463847763528,0,0,0.930232558139535,0,369.281699925297,0
mass,16,PPO_base,40,40,74.2426134383133,0,0,9.75713221775562e-05,0.00987781970768632,0.0171636317245056,1,none,8.5,0.0510385114100915,0.0086101632432531,0.0645161290322581,0.093841642228739,0.964809384164223,0,1713.15080282016,1
mass,16,PPO_base,40,10,74.2426134383133,0,0,0.0012283533486826,0.0350478722418723,0.0443167944015381,1,none,8.5,0.0464567748009133,0.0101722958665888,0.0465116279069767,0.0581395348837209,0.976744186046512,0,197.626498100986,0
mass,16,ppo_10hz,10,40,74.2426134383133,0,0,0.00420238077959702,0.0648257724951814,0.184785288184383,1,none,8.5,0.010367156722002,0.00303665228573641,0,0,1,0,1553.55788664866,0
mass,16,ppo_10hz,10,10,74.2426134383133,0,0,0.00425720991772965,0.0652472981642126,0.187929636219246,1,none,8.5,0.0123851635133174,0.00389041263996619,0,0,1,0,385.92845495657,1
mass,12,CDR2-4,40,40,74.655486077417,0,0,0.00337720988144436,0.0581137667118933,0.171780669606241,1,none,8.5,0.0116326089795344,0.00327677610254237,0,0,1,0,1567.64398243085,1
mass,12,CDR2-4,40,10,74.655486077417,0,0,0.00395547879221111,0.0628925972767154,0.175540206388064,1,none,8.5,0.0143309669586575,0.00487821155526012,0,0,1,0,359.142670036896,0
mass,12,Optimized,40,40,74.655486077417,0,0,0.0034417927631063,0.0586667943823958,0.173768576665368,1,none,8.5,0.0166643727530736,0.00290438772677621,0,0,0.909090909090909,0,1599.02834533728,1
mass,12,Optimized,40,10,74.655486077417,0,0,0.00435426097079102,0.0659868242211354,0.19139711088098,1,none,8.5,0.016169717158458,0.00369309577730266,0,0,0.930232558139535,0,369.291759494448,0
mass,12,PPO_base,40,40,74.655486077417,0,0,9.93202766066254e-05,0.00996595588022671,0.017527976221461,1,none,8.5,0.0514371008920246,0.00864707051905924,0.0557184750733138,0.0821114369501466,0.970674486803519,0,1713.17755659829,1
mass,12,PPO_base,40,10,74.655486077417,0,0,0.00122672039358792,0.0350245684282892,0.0443261686794453,1,none,8.5,0.0462876522348574,0.0101351735443315,0.0465116279069767,0.0581395348837209,0.976744186046512,0,201.631427682684,0
mass,12,ppo_10hz,10,40,74.655486077417,0,0,0.00419790511689721,0.0647912425941748,0.184709346919678,1,none,8.5,0.0103360914556105,0.00302712995608221,0,0,1,0,1553.58996454948,0
mass,12,ppo_10hz,10,10,74.655486077417,0,0,0.00425207005690635,0.065207898730954,0.187843849743965,1,none,8.5,0.0123476031468273,0.00387812166351602,0,0,1,0,385.9380021244,1
mass,2,CDR2-4,40,40,85.7753190264357,0,0,0.00328960615948476,0.0573550883486789,0.170103954921073,1,none,8.5,0.0107707074326298,0.0030161564203074,0,0,1,0,1571.2818373809,1
mass,2,CDR2-4,40,10,85.7753190264357,0,0,0.00387515998223135,0.0622507829848858,0.173822807935368,1,none,8.5,0.0131322391329446,0.00447902970130033,0,0,1,0,360.300770298222,0
mass,2,Optimized,40,40,85.7753190264357,0,0,0.00331811550388685,0.0576030858885776,0.171466251016516,1,none,8.5,0.0154371109985117,0.002682282733277,0,0,0.909090909090909,0,1606.92376537132,1
mass,2,Optimized,40,10,85.7753190264357,0,0,0.00422250211900351,0.0649807826899885,0.189320869014515,1,none,8.5,0.014980635739625,0.0034073259205302,0,0,0.930232558139535,0,375.537123035822,0
mass,2,PPO_base,40,40,85.7753190264357,0,0,0.000101966298273939,0.0100978363164561,0.017828458041477,1,none,8.5,0.0459439239798228,0.00776559017150704,0.06158357771261,0.105571847507331,0.967741935483871,0,1735.18947408138,1
mass,2,PPO_base,40,10,85.7753190264357,0,0,0.00119014987210067,0.0344985488405045,0.0447815172892649,1,none,8.5,0.0421532342442171,0.00922901622743228,0.0465116279069767,0.0581395348837209,0.976744186046512,0,210.740955745426,0
mass,2,ppo_10hz,10,40,85.7753190264357,0,0,0.00408960367072669,0.0639500091534527,0.182853336169995,1,none,8.5,0.00956096221310936,0.00279139204107402,0,0,1,0,1557.36611572414,0
mass,2,ppo_10hz,10,10,85.7753190264357,0,0,0.00412768131295712,0.064247033495385,0.185741968480321,1,none,8.5,0.0114125633933183,0.00357426868835113,0,0,1,0,386.169011175033,1
mass,17,CDR2-4,40,40,97.7292923465962,0,0,0.00321207689799495,0.0566751876749866,0.168595963342405,1,none,8.5,0.00997071779656516,0.00277762286607697,0,0,1,0,1579.84557191436,1
mass,17,CDR2-4,40,10,97.7292923465962,0,0,0.00380542730426223,0.0616881455732155,0.17228528310706,1,none,8.5,0.0120536947406364,0.00411740416350994,0,0,1,0,362.437787524723,0
mass,17,Optimized,40,40,97.7292923465962,0,0,0.0032086552260038,0.0566449929473364,0.16937839390552,1,none,8.5,0.014299794903082,0.00247849858074359,0,0,0.906158357771261,0,1614.71530399037,1
mass,17,Optimized,40,10,97.7292923465962,0,0,0.00410507610699278,0.0640708678495366,0.187434017186916,1,none,8.5,0.0138777396345091,0.00314578152237353,0,0,0.930232558139535,0,381.755450412077,0
mass,17,PPO_base,40,40,97.7292923465962,0,0,0.000102194317435453,0.0101091205075146,0.0163853312318879,1,none,8.5,0.0418484425537588,0.00707690914298071,0.0527859237536657,0.093841642228739,0.961876832844575,0,1765.41100861681,1
mass,17,PPO_base,40,10,97.7292923465962,0,0,0.00116213465163422,0.0340900960930623,0.0452228105459481,1,none,8.5,0.0384653190661924,0.00842176512455629,0.0465116279069767,0.0581395348837209,0.976744186046512,0,228.83136706994,0
mass,17,ppo_10hz,10,40,97.7292923465962,0,0,0.00399440364678376,0.0632012946606615,0.181192233390149,1,none,8.5,0.00884334567253098,0.0025757531768914,0,0,1,0,1562.04812630344,0
mass,17,ppo_10hz,10,10,97.7292923465962,0,0,0.00401849128708878,0.0633915711044361,0.183854702451195,1,none,8.5,0.0105494040505088,0.00329692375893139,0,0,1,0,388.371690046661,1
mass,4,CDR2-4,40,40,99.0472107749838,0,0,0.00320439263266224,0.056607354934339,0.168445162910915,1,none,8.5,0.00988945590819444,0.00275361568434932,0,0,1,0,1579.90139506166,1
mass,4,CDR2-4,40,10,99.0472107749838,0,0,0.00379858353256207,0.0616326498908011,0.172131874178877,1,none,8.5,0.0119457668440879,0.00408110292370291,0,0,1,0,362.451220886128,0
mass,4,Optimized,40,40,99.0472107749838,0,0,0.00319780032379549,0.0565490965780665,0.16916866415144,1,none,8.5,0.0141843513877407,0.00245790922569637,0,0,0.906158357771261,0,1615.79374068325,1
mass,4,Optimized,40,10,99.0472107749838,0,0,0.00409338748326155,0.0639795864574127,0.187244266941037,1,none,8.5,0.0137657581141436,0.00311939005382188,0,0,0.930232558139535,0,381.777162486238,0
mass,4,PPO_base,40,40,99.0472107749838,0,0,0.000106604964517066,0.0103249680153047,0.0166714192987074,1,none,8.5,0.0416752706912351,0.00703533984807835,0.0557184750733138,0.0967741935483871,0.964809384164223,0,1767.35268563468,1
mass,4,PPO_base,40,10,99.0472107749838,0,0,0.00115960340968283,0.0340529500878092,0.0452695679507208,1,none,8.5,0.038098329270033,0.00834144436141603,0.0465116279069767,0.0581395348837209,0.976744186046512,0,236.839864353184,0
mass,4,ppo_10hz,10,40,99.0472107749838,0,0,0.003984992944626,0.0631268005258147,0.181026477751081,1,none,8.5,0.00877056268401158,0.00255403421076934,0,0,1,0,1562.11551847906,0
mass,4,ppo_10hz,10,10,99.0472107749838,0,0,0.00400770576228541,0.0633064432920173,0.183666055903269,1,none,8.5,0.0104619810981543,0.0032689732859216,0,0,1,0,388.39170259609,1
mass,7,CDR2-4,40,40,99.4107531493673,0,0,0.00320230006404621,0.056588868729161,0.168404052380764,1,none,8.5,0.00986726421531095,0.00274706641161066,0,0,1,0,1579.91659521731,1
mass,7,CDR2-4,40,10,99.4107531493673,0,0,0.00379672205710165,0.0616175466657157,0.172090068997374,1,none,8.5,0.0119163409631911,0.00407120222569603,0,0,1,0,362.454874233512,0
mass,7,Optimized,40,40,99.4107531493673,0,0,0.00319484387051927,0.0565229499453033,0.169111457163553,1,none,8.5,0.0141528280349701,0.00245228992500332,0,0,0.906158357771261,0,1615.81510162844,1
mass,7,Optimized,40,10,99.4107531493673,0,0,0.00409020288135628,0.0639546939743775,0.187192504404433,1,none,8.5,0.0137351782119597,0.0031121880597619,0,0,0.930232558139535,0,381.783077365511,0
mass,7,PPO_base,40,40,99.4107531493673,0,0,0.000105585554142935,0.0102754831586128,0.0168922794806088,1,none,8.5,0.0416930156884889,0.00703130248480319,0.06158357771261,0.0997067448680352,0.964809384164223,0,1769.37771179587,1
mass,7,PPO_base,40,10,99.4107531493673,0,0,0.00115892099941565,0.0340429287725903,0.0452823711684268,1,none,8.5,0.0379983308104055,0.00831955946200309,0.0465116279069767,0.0581395348837209,0.976744186046512,0,236.842171711093,0
mass,7,ppo_10hz,10,40,99.4107531493673,0,0,0.0039824309861207,0.0631065051014608,0.180981303271711,1,none,8.5,0.0087506891443159,0.0025481084403364,0,0,1,0,1562.13386432593,0
mass,7,ppo_10hz,10,10,99.4107531493673,0,0,0.00400476976332427,0.0632832502588502,0.18361463224401,1,none,8.5,0.0104381138083738,0.00326134687561993,0,0,1,0,388.397150134983,1
mass,5,CDR2-4,40,40,103.198387230275,0,0,0.00318116628797921,0.0564018287644932,0.167987859892727,1,none,8.5,0.00964163759852277,0.002680639915198,0,0,1,0,1584.0700651951,1
mass,5,CDR2-4,40,10,103.198387230275,0,0,0.00377796930575928,0.0614651877550153,0.17166701477246,1,none,8.5,0.0116183041241438,0.00397084908229962,0,0,1,0,362.491666173165,0
mass,5,Optimized,40,40,103.198387230275,0,0,0.0031649806297219,0.0562581605611301,0.168531522886521,1,none,8.5,0.0138323827405007,0.00239523521439808,0,0,0.906158357771261,0,1616.0308219617,1
mass,5,Optimized,40,10,103.198387230275,0,0,0.00405800570345088,0.0637024780008665,0.18666766894293,1,none,8.5,0.0134242777176967,0.00303908489434418,0,0,0.930232558139535,0,381.842863120262,0
mass,5,PPO_base,40,40,103.198387230275,0,0,0.000103682302205182,0.0101824506974098,0.0170474440006404,1,none,8.5,0.0406983844824431,0.0068575085346359,0.0586510263929619,0.0967741935483871,0.953079178885631,0,1779.4386340579,1
mass,5,PPO_base,40,10,103.198387230275,0,0,0.00115219420434781,0.0339439862766265,0.0454129125751252,1,none,8.5,0.0369870884286567,0.00809826907407291,0.0465116279069767,0.0581395348837209,0.976744186046512,0,236.865215897951,0
mass,5,ppo_10hz,10,40,103.198387230275,0,0,0.00395653108294097,0.0629009624961413,0.180523825028495,1,none,8.5,0.00854877434449258,0.00248815335926006,0,0,1,0,1569.31926780275,0
mass,5,ppo_10hz,10,10,103.198387230275,0,0,0.00397514868659252,0.0630487802149456,0.183094070561202,1,none,8.5,0.0101956311824469,0.00318397137996069,0,0,1,0,388.45210500828,1
mass,3,CDR2-4,40,40,126.645080597169,0,0,0.0030726981337406,0.0554319234172927,0.165821517501295,1,none,8.5,0.0084413721720909,0.00233166174412934,0,0,1,0,1594.85641386517,1
mass,3,CDR2-4,40,10,126.645080597169,0,0,0.00368320551030764,0.0606894184377115,0.169472642398861,1,none,8.5,0.0100640139163802,0.00344545344587076,0,0,1,0,368.677217076141,0
mass,3,Optimized,40,40,126.645080597169,0,0,0.00301164755830614,0.054878479919784,0.165492305297768,1,none,8.5,0.0121280066691708,0.00209366581405948,0,0,0.906158357771261,0,1625.13687972877,1
mass,3,Optimized,40,10,126.645080597169,0,0,0.00389194462235555,0.0623854520089063,0.18391443911902,1,none,8.5,0.0117697694727238,0.00265333827048897,0,0,0.930232558139535,0,389.150786478948,0
mass,3,PPO_base,40,40,126.645080597169,0,0,0.000120171653370315,0.0109622832188516,0.0179831484818835,1,none,8.5,0.0352819586364717,0.00592860340470736,0.0586510263929619,0.0967741935483871,0.950146627565982,0,1821.48518231509,1
mass,3,PPO_base,40,10,126.645080597169,0,0,0.00112282067789418,0.0335085164979619,0.0461134517155149,1,none,8.5,0.0317573205781218,0.00695454792179053,0.0465116279069767,0.0581395348837209,0.976744186046512,0,264.970994052716,0
mass,3,ppo_10hz,10,40,126.645080597169,0,0,0.00382381742511842,0.0618370230939235,0.178147007826826,1,none,8.5,0.00747708597601083,0.0021728747136984,0,0,1,0,1576.26838458316,0
mass,3,ppo_10hz,10,10,126.645080597169,0,0,0.00382400298639791,0.0618385234817093,0.180386302011968,1,none,8.5,0.00891068988766431,0.00277657040650806,0,0,1,0,396.732337338227,1
mass,13,CDR2-4,40,40,139.961777707185,0,0,0.00302419609795322,0.0549926913139666,0.164835880688172,1,none,8.5,0.00788168161037087,0.0021711340135308,0,0,1,0,1597.20723570263,1
mass,13,CDR2-4,40,10,139.961777707185,0,0,0.0036417688827997,0.0603470702089148,0.168479604007905,1,none,8.5,0.00935489754097654,0.003204737542433,0,0,1,0,372.758165756308,0
mass,13,Optimized,40,40,139.961777707185,0,0,0.00294305166321605,0.0542499001217149,0.164097591019798,1,none,8.5,0.0113329122746843,0.00195393095293007,0,0,0.906158357771261,0,1629.63071762132,1
mass,13,Optimized,40,10,139.961777707185,0,0,0.00381722322251174,0.0617836808753876,0.182649536155913,1,none,8.5,0.010997619061263,0.00247495161552935,0,0,0.930232558139535,0,395.289062898611,0
mass,13,PPO_base,40,40,139.961777707185,0,0,0.000125059792985208,0.0111830135913898,0.0181772315907192,1,none,8.5,0.032302582440945,0.00544767607975762,0.0674486803519062,0.105571847507331,0.950146627565982,0,1839.47172945505,1
mass,13,PPO_base,40,10,139.961777707185,0,0,0.0011119478881342,0.0333458826264083,0.0464416329682762,1,none,8.5,0.0294019331376686,0.00643922288108129,0.0465116279069767,0.0581395348837209,0.976744186046512,0,276.019269936938,0
mass,13,ppo_10hz,10,40,139.961777707185,0,0,0.00376477219882402,0.061357739518532,0.177069301866647,1,none,8.5,0.00697839905438426,0.00202655909296791,0,0,1,0,1581.69038095149,0
mass,13,ppo_10hz,10,10,139.961777707185,0,0,0.00375686351353515,0.0612932583041165,0.17915482887675,1,none,8.5,0.00831397901432024,0.00258857330895231,0,0,1,0,396.856682358141,1
mass,10,CDR2-4,40,40,154.418360183775,0,0,0.00297935062350069,0.0545834281032319,0.163914613692231,1,none,8.5,0.00735136848431971,0.00202014646707256,0,0,1,0,1605.5311368328,1
mass,10,CDR2-4,40,10,154.418360183775,0,0,0.00360404530640901,0.0600337014218598,0.167555364363819,1,none,8.5,0.00869091557956108,0.00297884375861777,0,0,1,0,363.831763078993,0
mass,10,Optimized,40,40,154.418360183775,0,0,0.00287962372603005,0.053662125619752,0.162787444384173,1,none,8.5,0.0105790181432043,0.00182187910468342,0,0,0.906158357771261,0,1634.0867603347,1
mass,10,Optimized,40,10,154.418360183775,0,0,0.00374784383452324,0.0612196360208328,0.181460145090307,1,none,8.5,0.0102654514867667,0.00230662008195159,0,0,0.930232558139535,0,395.417268618644,0
mass,10,PPO_base,40,40,154.418360183775,0,0,0.000128876987667665,0.0113524000840203,0.0190889615105038,1,none,8.5,0.0297915957184807,0.00502974016687564,0.06158357771261,0.105571847507331,0.944281524926686,0,1857.52013666943,1
mass,10,PPO_base,40,10,154.418360183775,0,0,0.00110315685996828,0.0332138052617926,0.0467583881845604,1,none,8.5,0.027213779169602,0.0059603093777296,0.0465116279069767,0.0581395348837209,0.976744186046512,0,284.069473415424,0
mass,10,ppo_10hz,10,40,154.418360183775,0,0,0.00371044210301419,0.0609133983866784,0.176065268460625,1,none,8.5,0.00650622964829805,0.0018881675578012,0,0,1,0,1589.07858663355,0
mass,10,ppo_10hz,10,10,154.418360183775,0,0,0.00369502496077254,0.0607867169764295,0.178003993870134,1,none,8.5,0.0077497715694406,0.00241136767288618,0,0,1,0,398.971120715699,1
mass,15,CDR2-4,40,40,179.300862250965,0,0,0.00291645942846839,0.0540042537997553,0.162606111175949,1,none,8.5,0.00658685527001015,0.00180419789850974,0,0,1,0,1609.9845305184,1
mass,15,CDR2-4,40,10,179.300862250965,0,0,0.00355202807655957,0.0595988932494519,0.166247811280299,1,none,8.5,0.00774587505927147,0.00265663099234833,0,0,1,0,348.933022670711,0
mass,15,Optimized,40,40,179.300862250965,0,0,0.00279068692904621,0.0528269526761313,0.160915779960838,1,none,8.5,0.00949091863343812,0.00163195046887109,0,0,0.906158357771261,0,1641.72514963624,1
mass,15,Optimized,40,10,179.300862250965,0,0,0.00365012669045954,0.0604162783565782,0.179759437112946,1,none,8.5,0.00920867608793149,0.00206491394558305,0,0,0.930232558139535,0,395.597519466205,0
mass,15,PPO_base,40,40,179.300862250965,0,0,0.000146919202731476,0.0121210231718067,0.022784128953809,1,none,8.5,0.0264736966058368,0.00446650034751221,0.0557184750733138,0.0967741935483871,0.956011730205279,0,1853.51282605836,1
mass,15,PPO_base,40,10,179.300862250965,0,0,0.00109304734067753,0.0330612664711673,0.0472213149740907,1,none,8.5,0.0241242970236719,0.00528439214778612,0.0348837209302326,0.0465116279069767,0.976744186046512,0,303.152998118811,0
mass,15,ppo_10hz,10,40,179.300862250965,0,0,0.00363440335955092,0.0602860129677765,0.174641734216663,1,none,8.5,0.00582639410252241,0.00168930605717544,0,0,1,0,1590.62156564007,0
mass,15,ppo_10hz,10,10,179.300862250965,0,0,0.00360870620922774,0.0600725079318963,0.176369482812319,1,none,8.5,0.00693820370047743,0.00215727106631122,0,0,1,0,399.130694866661,1
