set,start,level_m,agent,model,base_mass,noise,explore,seed,d0,final_err,min_err,t_end,converged,failed,success50,settle_t,frac_softzone_J2,frac_softzone_J4,frac_softzone_J6,qmax_deg_J2,qmax_deg_J4,qmax_deg_J6,frac_atlim,frac_beyond_hw,ori_max,ret
fixed1_free65,S00,NaN,fixed1,SK_point,65,0,0,0,0.20360400420598,0.0245193851982108,0.0226306624717738,25,0,0,1,13.08,0,0,0.575539568345324,27.9407741339188,130,115.164516821295,0.495603517186251,0,0.0245311374277325,210.634435236755
rand2_free65,S00,NaN,rand2,SK_point,65,0,0,0,0.20360400420598,0.0707128877675331,0.0627419895111935,25,0,0,0,NaN,0,0,0,18.2606650874768,130,56.5214911721333,0.193445243804956,0,0.0142536602742225,-527.935997160508
fixed1_free65,S01,0.1,fixed1,SK_point,65,0,0,0,0.115013021741164,0.0194859614852456,0.0194859614852456,4.6,1,0,1,2.12,0,0,0,8.96008733007097,126.99,68.2167513171846,0,0,0.00870057291024393,3014.29441390455
rand2_free65,S01,0.1,rand2,SK_point,65,0,0,0,0.115013021741164,0.0577624834494165,0.0478626426922048,25,0,0,0,NaN,0,0,0,19.7716342871882,126.99,57.38,0.294164668265388,0,0.0219637668013284,-449.249481165052
fixed1_free65,S02,0.1,fixed1,SK_point,65,0,0,0,0.102151533089852,0.0192965412674593,0.0192965412674593,3.9,1,0,1,1.86,0,0,0,10.3520399605256,119.85,61.9635482565931,0,0,0.0244783835608191,2987.75958522145
rand2_free65,S02,0.1,rand2,SK_point,65,0,0,0,0.102151533089852,0.0480340673892481,0.0285741860583743,25,0,0,1,14.86,0,0,0,21.3887020664844,119.85,54.64,0.375699440447642,0,0.0368609112088348,-327.156413918786
fixed1_free65,S03,0.2,fixed1,SK_point,65,0,0,0,0.191974081337423,0.018761902203446,0.018761902203446,4.3,1,0,1,2.5,0,0,0,16.68,115.63,63.412543456599,0,0,0.0164609386505183,2934.87854267603
rand2_free65,S03,0.2,rand2,SK_point,65,0,0,0,0.191974081337423,0.0745297534855702,0.0688159886902857,25,0,0,0,NaN,0,0,0,18.201038810501,115.63,45.7799842772077,0.283772981614708,0,0.0121901656848808,-581.819398019981
fixed1_free65,S04,0.2,fixed1,SK_point,65,0,0,0,0.223361666563653,0.0223647036521111,0.0220050192049272,25,0,0,1,3.86,0,0,0.570743405275779,25.3896918746947,110.59,115.164516821295,0.49480415667466,0,0.0355285507302365,-130.559349808564
rand2_free65,S04,0.2,rand2,SK_point,65,0,0,0,0.223361666563653,0.0794430508777112,0.079309073281163,25,0,0,0,NaN,0,0,0,19.51,110.59,41.81,0.312549960031974,0,0.0342061453568216,-1320.31410668495
fixed1_free65,S05,0.35,fixed1,SK_point,65,0,0,0,0.352958034212303,0.0180803456342028,0.0180803456342028,4.9,1,0,1,3.66,0,0,0,35.12,111.761582508935,73.8491971018004,0,0,0.0498523330612223,2612.42857663502
rand2_free65,S05,0.35,rand2,SK_point,65,0,0,0,0.352958034212303,0.103911223621402,0.0853779405023636,25,0,0,0,NaN,0,0,0,35.12,109.01,52.5469518379671,0.0255795363709033,0,0.0470279439600927,-1694.66804126066
fixed1_free65,S06,0.35,fixed1,SK_point,65,0,0,0,0.340049671453847,0.0352650342671393,0.0246571912412501,25,0,0,1,20.16,0,0,0.398880895283773,35.9195581256565,119.19,115.164516821295,0.313349320543565,0,0.0846665867482239,-770.816482151797
rand2_free65,S06,0.35,rand2,SK_point,65,0,0,0,0.340049671453847,0.0376125639448891,0.0329654813376669,25,0,0,1,12.52,0,0,0,23.7943393333124,119.19,31.13,0.554756195043965,0,0.0661884040384407,-795.917027177925
fixed1_free65,S07,0.5,fixed1,SK_point,65,0,0,0,0.506770613211831,0.0288649487168037,0.00205864029576449,25,0,0,1,15.72,0,0,0.53796962430056,30.28,109.766663384875,115.164516821295,0.446043165467626,0,0.0612757567799383,-620.726957680072
rand2_free65,S07,0.5,rand2,SK_point,65,0,0,0,0.506770613211831,0.0722755070884258,0.0581457469562043,25,0,0,0,NaN,0,0,0,30.28,105.84,47.7547694252527,0.209432454036771,0,0.0665450980218054,-1628.83807698285
fixed1_free65,S08,0.5,fixed1,SK_point,65,0,0,0,0.479926924561044,0.0171108897980097,0.00517235918607392,25,0,0,1,8.24,0,0,0.744204636290967,31.85,120.26,115.164516821295,0.6810551558753,0,0.0754859227433839,110.572134243
rand2_free65,S08,0.5,rand2,SK_point,65,0,0,0,0.479926924561044,0.0883628034757285,0.0762000739485414,25,0,0,0,NaN,0,0,0,32.3739656105125,120.26,64.3625788165751,0.00639488409272582,0,0.0705882457962481,-1794.34209703051
fixed1_free65,S09,0.7,fixed1,SK_point,65,0,0,0,0.684969470110724,0.0157174787953441,0.000682939288270545,25,0,0,1,7.3,0,0,0.796962430055955,56.23,127.26,115.164516821295,0.754596322941647,0,0.0969945675701238,-363.543090226214
rand2_free65,S09,0.7,rand2,SK_point,65,0,0,0,0.684969470110724,0.0993025012938731,0.0830842449944749,25,0,0,0,NaN,0,0,0,56.23,127.26,64.8754891649138,0,0,0.0936756826462531,-2144.83695893756
fixed1_free65,S10,0.7,fixed1,SK_point,65,0,0,0,0.682487871597604,0.0282035535687568,0.0282035535687568,25,0,0,1,12.88,0,0,0.673860911270983,38.42,116.13,115.164516821295,0.588329336530775,0,0.0907834982513505,-1123.19944925327
rand2_free65,S10,0.7,rand2,SK_point,65,0,0,0,0.682487871597604,0.0525464504192501,0.0245254736549613,25,0,0,0,NaN,0,0,0,38.42,116.13,70.4676416056352,0.0647482014388489,0,0.109709734163634,-1597.88054990693
fixed1_free65,S11,0.9,fixed1,SK_point,65,0,0,0,0.890442425466246,0.0892242468006295,0.0162672653963971,25,0,0,0,NaN,0,0,0.550759392486011,57.6017667712971,78.76,115.164516821295,0.510791366906475,0,0.214761220928803,-2989.80731174358
rand2_free65,S11,0.9,rand2,SK_point,65,0,0,0,0.890442425466246,0.0634249647929294,0.0260316802055532,25,0,0,0,NaN,0,0,0,45.23,78.76,55.74,0.5603517186251,0,0.20619661327602,-3001.44718028942
fixed1_free65,S12,0.9,fixed1,SK_point,65,0,0,0,0.918717223021182,0.0338930069092872,0.0280729698251663,25,0,0,1,7.42,0,0,0.805755395683453,63.57,86.3439353631722,115.164516821295,0.759392486011191,0,0.179580394075318,-1983.12475647804
rand2_free65,S12,0.9,rand2,SK_point,65,0,0,0,0.918717223021182,0.0457622285260745,0.0457622285260745,25,0,0,1,21.86,0,0,0.293365307753797,63.57,109.237515466101,115.164516821295,0.20863309352518,0,0.183472653276288,-2985.7369150524
fixed1_free65,S13,1.1,fixed1,SK_point,65,0,0,0,1.11407113035913,0.131133059321691,0.0795518907010533,25,0,0,0,NaN,0,0,0.53796962430056,65.8566260021517,67.4611972959957,115.164516821295,0.503597122302158,0,0.279864689567673,-5068.07093477583
rand2_free65,S13,1.1,rand2,SK_point,65,0,0,0,1.11407113035913,0.112046626175721,0.0643086610050394,25,0,0,0,NaN,0,0,0,58.29,75.6794873614623,26.1898185598178,0.727418065547562,0,0.271019833706694,-4365.46484069779
fixed1_free65,S14,1.1,fixed1,SK_point,65,0,0,0,1.10149082991706,0.0762848307590505,0.0753474707559283,25,0,0,0,NaN,0,0,0.863309352517986,80.71,72.4618683984395,115.164516821295,0.847322142286171,0,0.265125830375827,-4159.33214048436
rand2_free65,S14,1.1,rand2,SK_point,65,0,0,0,1.10149082991706,0.13382466127699,0.0972902881838012,25,0,0,0,NaN,0,0,0.564348521183054,80.71,106.804330286725,115.164516821295,0.521982414068745,0,0.267028752355298,-5465.38481986086
fixed1_free65,OOD,NaN,fixed1,SK_point,65,0,0,0,1.42565007995499,0.207132277657767,0.189128498250878,25,0,0,0,NaN,0,0,0.589928057553957,90.9328176494058,68.7146171262502,115.164516821295,0.566746602717826,0,0.386692823626594,-8681.99374804013
rand2_free65,OOD,NaN,rand2,SK_point,65,0,0,0,1.42565007995499,0.172845002208659,0.11451442165575,25,0,0,0,NaN,0,0,0,90,71.8773812750059,28.7291284538691,0.438049560351719,0,0.386228769032308,-7842.66505855521
tab7_stoch_65kg,OOD,NaN,rand2,SK_point,65,0,1,1,1.42565007995499,0.160710373573721,0.10411083440538,25,0,0,0,NaN,0,0,0,90,72.5598513822579,10.9829870806207,0.391686650679456,0,0.364624472398356,-11523.2238391204
tab7_stoch_65kg,OOD,NaN,rand2,SK_point,65,0,1,2,1.42565007995499,0.164953785769006,0.104932298440777,25,0,0,0,NaN,0,0,0,90.4963220360022,68.2598169305134,20.7259193428437,0.333333333333333,0,0.379569891225563,-12611.1839918642
tab7_stoch_65kg,OOD,NaN,rand2,SK_point,65,0,1,3,1.42565007995499,0.20203720990209,0.146307156318664,25,0,0,0,NaN,0,0,0,90,81.2814453804539,76.2336068999241,0.0167865707434053,0,0.377992335658895,-13043.2521382553
tab7_stoch_65kg,OOD,NaN,rand2,SK_point,65,0,1,4,1.42565007995499,0.160109868216946,0.108012694438834,25,0,0,0,NaN,0,0,0,90,68.7933737434671,29.60945977943,0.319744204636291,0,0.381424922594536,-11668.78738644
tab7_stoch_65kg,OOD,NaN,rand2,SK_point,65,0,1,5,1.42565007995499,0.115238529345256,0.0969028402958773,25,0,0,0,NaN,0,0,0,90,67.9970197367548,33.3610808580803,0.211830535571543,0,0.341214671345643,-13830.2903784487
tab7_stoch_65kg,OOD,NaN,rand2,SK_point,65,0,1,6,1.42565007995499,0.219669679118237,0.181320875552292,25,0,0,0,NaN,0,0,0,90,84.8175995167245,95.3960678903386,0,0,0.376053164644559,-13294.7875389617
tab7_stoch_65kg,OOD,NaN,rand2,SK_point,65,0,1,7,1.42565007995499,0.209733511880625,0.0886817314926088,25,0,0,0,NaN,0,0,0,90,73.6320942922748,24.0975830186351,0.284572342126299,0,0.391114842625962,-12742.946163998
tab7_stoch_65kg,OOD,NaN,rand2,SK_point,65,0,1,8,1.42565007995499,0.186183103336399,0.110743445953346,25,0,0,0,NaN,0,0,0,90,73.8628446276602,23.2365555224124,0.449240607513989,0,0.37432360950577,-11633.3246628928
tab7_stoch_65kg,OOD,NaN,rand2,SK_point,65,0,1,9,1.42565007995499,0.211782133872676,0.110769182649442,25,0,0,0,NaN,0,0,0,90,72.5036470050501,24.5332351476913,0.385291766586731,0,0.376246205109377,-12301.4536043754
tab7_stoch_65kg,OOD,NaN,rand2,SK_point,65,0,1,10,1.42565007995499,0.194497778998777,0.0982199645721006,25,0,0,0,NaN,0,0,0,90.4512618754638,68.7814894691915,17.6443681860886,0.336530775379696,0,0.378432873414211,-12374.8371594961
tab7_stoch_65kg,OOD,NaN,rand2,SK_point,65,0,1,11,1.42565007995499,0.190445760531357,0.113063532134841,25,0,0,0,NaN,0,0,0,90.2800044744793,77.4065503150472,32.8176615857961,0.269384492406075,0,0.387871371616117,-12235.9320019314
tab7_stoch_65kg,OOD,NaN,rand2,SK_point,65,0,1,12,1.42565007995499,0.229633099449057,0.183861312433373,25,0,0,0,NaN,0,0,0,90,78.4537273293526,43.6018147457286,0.354116706634692,0,0.368976460265906,-11721.5311157414
tab7_stoch_65kg,OOD,NaN,rand2,SK_point,65,0,1,13,1.42565007995499,0.162030814989687,0.136001111273832,25,0,0,0,NaN,0,0,0,90.1574606027302,65.6490155934574,17.9092591023162,0.460431654676259,0,0.370929595684975,-11962.6194294928
tab7_stoch_65kg,OOD,NaN,rand2,SK_point,65,0,1,14,1.42565007995499,0.169679866629622,0.127256266758538,25,0,0,0,NaN,0,0,0,90,71.9850597859243,18.1995277745279,0.401278976818545,0,0.381985022735916,-12456.464496576
tab7_stoch_65kg,OOD,NaN,rand2,SK_point,65,0,1,15,1.42565007995499,0.203582437997026,0.160507763224134,25,0,0,0,NaN,0,0,0,90.6093339617715,77.7253514981822,44.4037046716877,0.262190247801759,0,0.35113737110864,-12756.2293080939
tab7_stoch_65kg,OOD,NaN,rand2,SK_point,65,0,1,16,1.42565007995499,0.230919506653808,0.151054093197628,25,0,0,0,NaN,0,0,0,90,76.3336172836083,45.9310380953276,0.239008792965627,0,0.363178845312738,-12282.9835450998
tab7_stoch_65kg,OOD,NaN,rand2,SK_point,65,0,1,17,1.42565007995499,0.174688429797334,0.0825322689294181,25,0,0,0,NaN,0,0,0,90,65.8654063387869,21.4238304765716,0.287769784172662,0,0.371853325924593,-12448.4618046785
tab7_stoch_65kg,OOD,NaN,rand2,SK_point,65,0,1,18,1.42565007995499,0.215266875812668,0.103776311521481,25,0,0,0,NaN,0,0,0,90,74.1242425262759,38.0745705404233,0.401278976818545,0,0.381826200172887,-11690.2009855864
tab7_stoch_65kg,OOD,NaN,rand2,SK_point,65,0,1,19,1.42565007995499,0.222472717140926,0.140987426845324,25,0,0,0,NaN,0,0,0,90,74.9562578420878,33.4218954833167,0.31814548361311,0,0.371823696165417,-12764.8733967133
tab7_stoch_65kg,OOD,NaN,rand2,SK_point,65,0,1,20,1.42565007995499,0.173863777686623,0.102309373588675,25,0,0,0,NaN,0,0,0,90,71.4724703847605,55.1496566740082,0.31814548361311,0,0.375684399140292,-12677.3985682113
rand2_free650,S00,NaN,rand2,SK_point,650,0,0,0,0.20360400420598,0.0670236177132761,0.060063172664839,25,0,0,0,NaN,0,0,0,18.2492052697842,130,56.5553422426213,0.192645883293365,0,0.00213495240380642,-506.137603495801
rand2_free650,S01,0.1,rand2,SK_point,650,0,0,0,0.115013021741164,0.064760457339392,0.0570146266161872,25,0,0,0,NaN,0,0,0,18.7561032280133,126.99,57.38,0.261390887290168,0,0.00320105578571166,-406.82094438082
rand2_free650,S02,0.1,rand2,SK_point,650,0,0,0,0.102151533089852,0.0672636030305458,0.0291981634293603,25,0,0,0,NaN,0,0,0,19.206083085327,119.85,54.64,0.314948041566747,0,0.00574362787419953,-377.725528432591
rand2_free650,S03,0.2,rand2,SK_point,650,0,0,0,0.191974081337423,0.0679915072849427,0.062908712889853,25,0,0,0,NaN,0,0,0,18.5270376878988,115.63,45.7476139784741,0.297362110311751,0,0.00167886590698459,-507.859912611478
rand2_free650,S04,0.2,rand2,SK_point,650,0,0,0,0.223361666563653,0.0694730636115195,0.0680740860925033,25,0,0,0,NaN,0,0,0,19.51,110.59,41.81,0.341326938449241,0,0.005101681511081,-608.306033392059
rand2_free650,S05,0.35,rand2,SK_point,650,0,0,0,0.352958034212303,0.0716456330166127,0.0556901337244915,25,0,0,0,NaN,0,0,0,35.12,109.01,51.2251156789392,0.173461231015188,0,0.00684097876354028,-710.162473955922
rand2_free650,S06,0.35,rand2,SK_point,650,0,0,0,0.340049671453847,0.0641845901775496,0.0606259195063102,25,0,0,0,NaN,0,0,0,20.681820629156,119.19,31.13,0.510791366906475,0,0.00951798760221792,-690.555106656858
rand2_free650,S07,0.5,rand2,SK_point,650,0,0,0,0.506770613211831,0.0669731591163063,0.0532252151183579,25,0,0,0,NaN,0,0,0,30.28,105.84,47.4052180556438,0.20863309352518,0,0.00938590186623796,-851.599136388151
rand2_free650,S08,0.5,rand2,SK_point,650,0,0,0,0.479926924561044,0.0718972423905078,0.0547741366968156,25,0,0,0,NaN,0,0,0,32.2303019040895,120.26,64.5154268963038,0.0463629096722622,0,0.0103086114100847,-924.422715699413
rand2_free650,S09,0.7,rand2,SK_point,650,0,0,0,0.684969470110724,0.0743750659431704,0.0575577235151144,25,0,0,0,NaN,0,0,0,56.23,127.26,64.8561797377627,0,0,0.0133167793917464,-1124.64133418301
rand2_free650,S10,0.7,rand2,SK_point,650,0,0,0,0.682487871597604,0.068263706994521,0.0354084349240536,25,0,0,0,NaN,0,0,0,38.42,116.13,71.9156792127118,0,0,0.0152033019459578,-934.052041393704
rand2_free650,S11,0.9,rand2,SK_point,650,0,0,0,0.890442425466246,0.0528850766770195,0.0473436771541613,25,0,0,0,NaN,0,0,0,45.23,83.7711085605355,55.74,0.389288569144684,0,0.032024587298614,-2439.34453226573
rand2_free650,S12,0.9,rand2,SK_point,650,0,0,0,0.918717223021182,0.0522810859846795,0.0286849916669958,25,0,0,0,NaN,0,0,0.314948041566747,63.57,99.4146081452587,115.164516821295,0.195843325339728,0,0.0250057218491588,-1342.76610379361
rand2_free650,S13,1.1,rand2,SK_point,650,0,0,0,1.11407113035913,0.0428489669811725,0.040209420761262,25,0,0,1,15.62,0,0,0,58.29,81.1685380966235,22.5932566203107,0.694644284572342,0,0.0415809067007511,-2331.54449095874
rand2_free650,S14,1.1,rand2,SK_point,650,0,0,0,1.10149082991706,0.0385273831093972,0.0385273831093972,25,0,0,1,23.6,0,0,0.807354116706635,80.71,106.510399987918,115.164516821295,0.796962430055955,0,0.0373830995526131,-3135.88294196864
rand2_free650,OOD,NaN,rand2,SK_point,650,0,0,0,1.42565007995499,0.0251259986919515,0.0117170018975602,25,0,0,1,11.98,0,0,0,90,89.0252685449514,40.9617018390536,0.0423661071143086,0,0.0615388400716238,-3060.17238412388
tab7_stoch_650kg,OOD,NaN,rand2,SK_point,650,0,1,1,1.42565007995499,0.0486985985245813,0.0455158732222207,25,0,0,1,24.86,0,0,0,90,84.538246441571,21.2059456588517,0.192645883293365,0,0.0578052892406458,-7721.81738458433
tab7_stoch_650kg,OOD,NaN,rand2,SK_point,650,0,1,2,1.42565007995499,0.0627084696020667,0.0379380634776897,25,0,0,0,NaN,0,0,0,90.4963220360022,86.361954575828,31.6997206674863,0.195043964828137,0,0.0593056391274725,-8016.39428776775
tab7_stoch_650kg,OOD,NaN,rand2,SK_point,650,0,1,3,1.42565007995499,0.015206826279485,0.00324816317239628,25,0,0,1,13.34,0,0,0,90,96.0926475576622,92.3865323933835,0,0,0.0589542227304141,-7646.55850515696
tab7_stoch_650kg,OOD,NaN,rand2,SK_point,650,0,1,4,1.42565007995499,0.0375410746118743,0.0209369086196961,25,0,0,1,13.9,0,0,0,90,86.3011070366084,46.7221513654435,0.0543565147881695,0,0.0607418971585953,-6946.62138573706
tab7_stoch_650kg,OOD,NaN,rand2,SK_point,650,0,1,5,1.42565007995499,0.0293818949124174,0.0250111997809716,25,0,0,1,19.56,0,0,0,90,96.732703264445,57.5152724869008,0,0,0.0552194847538554,-10608.0654812678
tab7_stoch_650kg,OOD,NaN,rand2,SK_point,650,0,1,6,1.42565007995499,0.0335942293477899,0.00616059777377996,25,0,0,1,22.36,0,0,0.280575539568345,90,100.942828098448,115.164516821295,0.104716227018385,0,0.0588235141646343,-8036.15526898961
tab7_stoch_650kg,OOD,NaN,rand2,SK_point,650,0,1,7,1.42565007995499,0.0338930542944531,0.0265714330985235,25,0,0,1,15,0,0,0,90,88.43452739005,25.1370932763256,0.151079136690647,0,0.0617767322040255,-7871.98760486299
tab7_stoch_650kg,OOD,NaN,rand2,SK_point,650,0,1,8,1.42565007995499,0.0328041913733575,0.0269679493495093,25,0,0,1,14.42,0,0,0,90,83.464841200654,33.554264315512,0.211830535571543,0,0.0576149744053921,-6994.81163797129
tab7_stoch_650kg,OOD,NaN,rand2,SK_point,650,0,1,9,1.42565007995499,0.0232148569127081,0.00524980128125591,25,0,0,1,15.16,0,0,0,90,86.6444449175689,37.9163800531228,0,0,0.0590080925560317,-7367.10146442448
tab7_stoch_650kg,OOD,NaN,rand2,SK_point,650,0,1,10,1.42565007995499,0.0529227150442997,0.0271698343330815,25,0,0,0,NaN,0,0,0,90.4512618754638,84.0569425729814,19.2290874237005,0.266986410871303,0,0.0582152609817406,-7740.77300429138
tab7_stoch_650kg,OOD,NaN,rand2,SK_point,650,0,1,11,1.42565007995499,0.0344095039571598,0.0163704451414458,25,0,0,1,14.16,0,0,0,90.2800044744793,88.4738823595444,35.1651746818182,0.0807354116706635,0,0.0610606371191202,-7362.63614071519
tab7_stoch_650kg,OOD,NaN,rand2,SK_point,650,0,1,12,1.42565007995499,0.0167855295738098,0.00873759004590727,25,0,0,1,13.4,0,0,0,90,89.0402944166413,45.7595693069401,0,0,0.0580744010582035,-6153.59311935191
tab7_stoch_650kg,OOD,NaN,rand2,SK_point,650,0,1,13,1.42565007995499,0.0585438638465455,0.041371689488308,25,0,0,0,NaN,0,0,0,90.1574606027302,82.5221967077994,9.42072783173686,0.411670663469225,0,0.0580516642320127,-7504.66270572678
tab7_stoch_650kg,OOD,NaN,rand2,SK_point,650,0,1,14,1.42565007995499,0.0617994314987552,0.0129285905501911,25,0,0,0,NaN,0,0,0,90,87.3064911784146,40.2920383415419,0.0255795363709033,0,0.0603516886761111,-7687.08308445289
tab7_stoch_650kg,OOD,NaN,rand2,SK_point,650,0,1,15,1.42565007995499,0.0514821866102823,0.00959228304740529,25,0,0,0,NaN,0,0,0,90.6139990515831,93.1696917204229,52.741213994256,0,0,0.0567908033228631,-7805.52743268475
tab7_stoch_650kg,OOD,NaN,rand2,SK_point,650,0,1,16,1.42565007995499,0.036871010657717,0.00743542135620142,25,0,0,1,12.3,0,0,0,90,91.3536198788994,48.9139879123065,0,0,0.0573496775729476,-6831.17647261446
tab7_stoch_650kg,OOD,NaN,rand2,SK_point,650,0,1,17,1.42565007995499,0.0301502249555251,0.0198683033561478,25,0,0,1,20.34,0,0,0,90,83.6637711082929,20.99968491449,0.113509192645883,0,0.0576208761604925,-8446.25834017685
tab7_stoch_650kg,OOD,NaN,rand2,SK_point,650,0,1,18,1.42565007995499,0.0122736592676432,0.0101584745474223,25,0,0,1,15.58,0,0,0,90,85.3375044427749,42.2094289165669,0.212629896083133,0,0.0603241259420921,-6723.77221180244
tab7_stoch_650kg,OOD,NaN,rand2,SK_point,650,0,1,19,1.42565007995499,0.0295676522409936,0.0111792721635608,25,0,0,1,16.08,0,0,0,90,87.1844536860696,45.4480072800953,0,0,0.0571688711766521,-7713.71129370552
tab7_stoch_650kg,OOD,NaN,rand2,SK_point,650,0,1,20,1.42565007995499,0.0318465363339453,0.0139622537140752,25,0,0,1,15,0,0,0,90,90.49626795115,60.6802809818113,0,0,0.0590006163976329,-7923.47384076132
fixed1_train,S00,NaN,fixed1,SK_point_fixed,65,0,0,0,0.20360400420598,0.0222856148373613,0.0222856148373613,25,0,0,1,2.6,0,0,0.577138289368505,24.8067708007251,130,115.164516821295,0.502797761790568,0,0,550.694432240671
fixed1_noise,S00,NaN,fixed1,SK_point_fixed,65,1,0,1,0.20360400420598,0.0221846398177146,0.0221711169815705,25,0,0,1,2.66,0,0,0.577138289368505,24.8074258951808,130,115.164516821295,0.502797761790568,0,0,534.876360174104
fixed1_train,S01,0.1,fixed1,SK_point_fixed,65,0,0,0,0.115013021741164,0.0182422136067715,0.0182422136067715,3.9,1,0,1,2.06,0,0,0,7.63675101613677,126.99,66.3271670137129,0,0,0,2997.02964310815
fixed1_noise,S01,0.1,fixed1,SK_point_fixed,65,1,0,2,0.115013021741164,0.0188807747011675,0.0188807747011675,4.1,1,0,1,2.08,0,0,0,7.74260275048165,126.99,66.9098305530104,0,0,0,3001.03345641206
fixed1_train,S02,0.1,fixed1,SK_point_fixed,65,0,0,0,0.102151533089852,0.0167644997943144,0.0167644997943144,2.7,1,0,1,1.48,0,0,0,5.70372126196628,119.85,59.4349413243351,0,0,0,2998.44220277939
fixed1_noise,S02,0.1,fixed1,SK_point_fixed,65,1,0,3,0.102151533089852,0.0174603298108899,0.0174603298108899,2.7,1,0,1,1.5,0,0,0,5.51618389387436,119.85,59.3233005796709,0,0,0,2996.6195778648
fixed1_train,S03,0.2,fixed1,SK_point_fixed,65,0,0,0,0.191974081337423,0.0180669055569219,0.0180669055569219,3.8,1,0,1,2.32,0,0,0,16.68,115.63,60.4693800389111,0,0,0,2930.41672217581
fixed1_noise,S03,0.2,fixed1,SK_point_fixed,65,1,0,4,0.191974081337423,0.0185087872557445,0.0185087872557445,3.9,1,0,1,2.3,0,0,0,16.68,115.63,60.8752409980274,0,0,0,2935.32887309204
fixed1_train,S04,0.2,fixed1,SK_point_fixed,65,0,0,0,0.223361666563653,0.0217337873359456,0.020688322953859,25,0,0,1,3.32,0,0,0.564348521183054,24.9197480785265,110.59,115.164516821295,0.491606714628297,0,0,501.690141004694
fixed1_noise,S04,0.2,fixed1,SK_point_fixed,65,1,0,5,0.223361666563653,0.0215966952681886,0.021012966437093,25,0,0,1,3.4,0,0,0.563549160671463,24.9727934892941,110.59,115.164516821295,0.490807354116707,0,0,490.260638147585
fixed1_train,S05,0.35,fixed1,SK_point_fixed,65,0,0,0,0.352958034212303,0.016902105912361,0.016902105912361,4.1,1,0,1,3.06,0,0,0,35.12,110.335023827984,66.6151197359173,0,0,0,2757.42218333937
fixed1_noise,S05,0.35,fixed1,SK_point_fixed,65,1,0,6,0.352958034212303,0.0172371437188784,0.0172371437188784,4.1,1,0,1,3.06,0,0,0,35.12,110.449187063116,66.5932632899173,0,0,0,2756.54804743944
fixed1_train,S06,0.35,fixed1,SK_point_fixed,65,0,0,0,0.340049671453847,0.0184891975364558,0.0184891975364558,7.1,1,0,1,4.38,0,0,0,10.4868161904631,119.19,69.9137912763003,0,0,0,2767.81886234655
fixed1_noise,S06,0.35,fixed1,SK_point_fixed,65,1,0,7,0.340049671453847,0.0189462490094154,0.0189462490094154,6.9,1,0,1,4.5,0,0,0,10.3221101611918,119.19,68.7592274414781,0,0,0,2753.45330239359
fixed1_train,S07,0.5,fixed1,SK_point_fixed,65,0,0,0,0.506770613211831,0.015837969147698,0.015837969147698,4.8,1,0,1,3.66,0,0,0,30.28,107.205346639129,67.4575634415216,0,0,0,2595.27357114848
fixed1_noise,S07,0.5,fixed1,SK_point_fixed,65,1,0,8,0.506770613211831,0.0165227250558207,0.0165227250558207,4.7,1,0,1,3.62,0,0,0,30.28,107.128614704067,66.9474272659125,0,0,0,2591.20698957517
fixed1_train,S08,0.5,fixed1,SK_point_fixed,65,0,0,0,0.479926924561044,0.0185964466913153,0.0185964466913153,9.9,1,0,1,4,0,0,0.328629032258065,31.85,120.26,115.164516821295,0.181451612903226,0,0,2688.22023323753
fixed1_noise,S08,0.5,fixed1,SK_point_fixed,65,1,0,9,0.479926924561044,0.0182041872627382,0.0182041872627382,9.9,1,0,1,4.1,0,0,0.326612903225806,31.85,120.26,115.164516821295,0.17741935483871,0,0,2677.70671821082
fixed1_train,S09,0.7,fixed1,SK_point_fixed,65,0,0,0,0.684969470110724,0.0190237961356782,0.0190237961356782,9.3,1,0,1,6.82,0,0,0.429184549356223,56.23,127.26,115.164516821295,0.296137339055794,0,0,2241.54528496336
fixed1_noise,S09,0.7,fixed1,SK_point_fixed,65,1,0,10,0.684969470110724,0.0182442164374802,0.0182442164374802,9.4,1,0,1,6.84,0,0,0.43312101910828,56.23,127.26,115.164516821295,0.301486199575372,0,0,2237.70439896858
fixed1_train,S10,0.7,fixed1,SK_point_fixed,65,0,0,0,0.682487871597604,0.0154615814623081,0.0154615814623081,4.5,1,0,1,3.42,0,0,0,38.42,116.13,80.6854579508327,0,0,0,2410.65299564033
fixed1_noise,S10,0.7,fixed1,SK_point_fixed,65,1,0,11,0.682487871597604,0.0145760411881917,0.0145445782899117,4.6,1,0,1,3.38,0,0,0,38.42,116.13,81.5987720239614,0,0,0,2426.77376253359
fixed1_train,S11,0.9,fixed1,SK_point_fixed,65,0,0,0,0.890442425466246,0.0151451559438612,0.0151451559438612,8.4,1,0,1,7.28,0,0,0,45.23,96.5236946685105,90.5114787505662,0,0,0,1909.09550075651
fixed1_noise,S11,0.9,fixed1,SK_point_fixed,65,1,0,12,0.890442425466246,0.0152889888167316,0.0152889888167316,8.4,1,0,1,7.26,0,0,0,45.23,96.6302449253024,90.6779864434549,0,0,0,1907.58134502899
fixed1_train,S12,0.9,fixed1,SK_point_fixed,65,0,0,0,0.918717223021182,0.0184525084813554,0.0176886217980972,5.8,1,0,1,4.52,0,0,0.164948453608247,63.57,91.3937182385774,113.943242444367,0,0,0,2020.39449877309
fixed1_noise,S12,0.9,fixed1,SK_point_fixed,65,1,0,13,0.918717223021182,0.0174325081166555,0.0171803962004053,5.7,1,0,1,4.5,0,0,0.15034965034965,63.57,91.43292203562,113.131421753344,0,0,0,2014.46379774174
fixed1_train,S13,1.1,fixed1,SK_point_fixed,65,0,0,0,1.11407113035913,0.0194887834734498,0.0194887834734498,11.6,1,0,1,9.68,0,0,0,58.29,93.448813726919,104.953648761259,0,0,0,1102.41864639762
fixed1_noise,S13,1.1,fixed1,SK_point_fixed,65,1,0,14,1.11407113035913,0.0190847170703589,0.0190847170703589,11.6,1,0,1,9.68,0,0,0,58.29,93.4458884320492,104.769028244863,0,0,0,1100.29227046118
fixed1_train,S14,1.1,fixed1,SK_point_fixed,65,0,0,0,1.10149082991706,0.0160307092639566,0.0160307092639566,5.8,1,0,1,4.5,0,0,0.40893470790378,80.71,82.3821857685544,115.164516821295,0.34020618556701,0,0,1634.88489023302
fixed1_noise,S14,1.1,fixed1,SK_point_fixed,65,1,0,15,1.10149082991706,0.0162054135002887,0.0162054135002887,5.8,1,0,1,4.5,0,0,0.40893470790378,80.71,82.5032432728744,115.164516821295,0.34020618556701,0,0,1634.7813992818
fixed1_train,OOD,NaN,fixed1,SK_point_fixed,65,0,0,0,1.42565007995499,0.0194908057854433,0.0194908057854433,15.3,1,0,1,12.6,0,0,0.373368146214099,90,90.9564290305803,115.164516821295,0.330287206266319,0,0,-302.170604656094
fixed1_noise,OOD,NaN,fixed1,SK_point_fixed,65,1,0,16,1.42565007995499,0.0193022623374275,0.0193022623374275,15.1,1,0,1,12.68,0,0,0.363756613756614,90,91.0672636530235,115.164516821295,0.321428571428571,0,0,-314.380085893829
