cond,seed,agent,explore,K1_mse,K2_max,K3_ori_mean,K7_return,completed,stop_reason
mass25,0,Optimized,0,0.00510702717182164,0.200120933217745,0.0121476652771256,1238.01843851479,1,none
mass25,1,Optimized,1,0.00564186406464074,0.207438389851124,0.0113768404503711,1232.09506569634,1,none
mass25,2,Optimized,1,0.00540029097016492,0.20426814400258,0.0120118776020876,1148.12936785069,1,none
mass25,3,Optimized,1,0.00544000592652584,0.206590500978317,0.0118114350590177,1155.28352072489,1,none
mass25,4,Optimized,1,0.00546982562062428,0.206182312143325,0.0118810102760478,1212.7020554212,1,none
mass25,5,Optimized,1,0.00553865112415538,0.206217599869278,0.0108339572680124,1199.11495946654,1,none
mass25,6,Optimized,1,0.00573317832440116,0.20905083255926,0.011574860677967,1227.79328565913,1,none
mass25,7,Optimized,1,0.00531601153539038,0.202817265035093,0.012509781941465,1116.74325361095,1,none
mass25,8,Optimized,1,0.00566242084169593,0.208865466520922,0.0110689027549941,1254.24017962663,1,none
mass25,9,Optimized,1,0.00524865964087352,0.204008892946761,0.0121305315832872,1176.18758825213,1,none
mass25,10,Optimized,1,0.00512217191538421,0.202131333531974,0.0128360841402181,1141.71372373784,1,none
combined,0,Optimized,0,0.00514945766311561,0.200628047817073,0.0122273761644178,1164.57349011924,1,none
combined,1,Optimized,1,0.00578271940999512,0.21007536059523,0.0112953777582651,1066.27360480636,1,none
combined,2,Optimized,1,0.00547226811642375,0.204772352692958,0.011927605634854,1049.59577575859,1,none
combined,3,Optimized,1,0.00554149987136924,0.207506727762066,0.0117122299600258,1034.32835408324,1,none
combined,4,Optimized,1,0.00566547827174597,0.207583129757671,0.011487510899123,1074.52191817889,1,none
combined,5,Optimized,1,0.00567933250411516,0.208205525936944,0.0105075000030913,1032.63088330426,1,none
combined,6,Optimized,1,0.00580800128466794,0.210058923051883,0.0115415145103839,1073.52249677331,1,none
combined,7,Optimized,1,0.00537708947722575,0.20359994628253,0.0124845617751315,1003.15853512954,1,none
combined,8,Optimized,1,0.00573077680542486,0.209659673135227,0.0111244520141921,1191.80941125472,1,none
combined,9,Optimized,1,0.00535709663272373,0.20477524230426,0.0120264706478832,1050.95522786763,1,none
combined,10,Optimized,1,0.00520104562382656,0.203025946576575,0.0127160042236187,1078.94194248349,1,none
mass25,0,Trajectory,0,0.00758231892665559,0.234587516226336,0.00584306504028621,1339.78150997414,1,none
mass25,1,Trajectory,1,0.00761977009363707,0.235170608694207,0.00591537521802081,1322.00079482983,1,none
mass25,2,Trajectory,1,0.00758261331031835,0.234832709968911,0.00597811093560703,1330.99824009328,1,none
mass25,3,Trajectory,1,0.00758133655404558,0.234778142549688,0.00587161645719548,1326.29736758813,1,none
mass25,4,Trajectory,1,0.00759274517810053,0.234711419897885,0.00593725182487258,1328.09880490128,1,none
mass25,5,Trajectory,1,0.00760987959489347,0.234891884524481,0.00566525281923233,1329.96107748806,1,none
mass25,6,Trajectory,1,0.00758529524257699,0.23459432682298,0.0058215420305299,1349.14699879627,1,none
mass25,7,Trajectory,1,0.00758206662090392,0.234708595959565,0.00594222030665059,1330.12609290175,1,none
mass25,8,Trajectory,1,0.00761186411000056,0.234967556846728,0.00585133284069108,1333.08727735937,1,none
mass25,9,Trajectory,1,0.00758810542071575,0.234740998030669,0.0059143443879517,1337.16306674802,1,none
mass25,10,Trajectory,1,0.0075538417824476,0.234311700853694,0.00597058288567441,1330.42285876772,1,none
combined,0,Trajectory,0,0.00760555947172482,0.234904749497459,0.00615243639975293,1300.47549520995,1,none
combined,1,Trajectory,1,0.00764641595593693,0.235467663342876,0.00619640382484029,1263.61930102558,1,none
combined,2,Trajectory,1,0.00761039537756284,0.235110331438813,0.00631085607199386,1283.63200276838,1,none
combined,3,Trajectory,1,0.00761037508072568,0.234999744390769,0.00616475576008235,1252.84890856895,1,none
combined,4,Trajectory,1,0.00761091215532695,0.234901857685139,0.00620484254694151,1305.8274488808,1,none
combined,5,Trajectory,1,0.00763218362296223,0.235224408788932,0.00595552654370493,1288.65202947616,1,none
combined,6,Trajectory,1,0.00761586826518255,0.234989859590801,0.00618258021014563,1267.66836223137,1,none
combined,7,Trajectory,1,0.00760402525771186,0.234894445524202,0.00620652968313737,1304.8490999449,1,none
combined,8,Trajectory,1,0.00763293224297601,0.235274769976527,0.00615233279876285,1295.79776397626,1,none
combined,9,Trajectory,1,0.0076135732042608,0.235042911454346,0.00623217302590798,1273.79469926886,1,none
combined,10,Trajectory,1,0.00757949266156147,0.234660997767915,0.00626330908164604,1275.04738228513,1,none
mass25,0,Trajectory2,0,0.00471980894448015,0.185979037295229,0.0181775453439668,999.377057166503,1,none
mass25,1,Trajectory2,1,0.00484520760879451,0.186396792293017,0.0178948562622181,921.457163715024,1,none
mass25,2,Trajectory2,1,0.00475045780893174,0.184538887402613,0.0183592910114456,895.911269238388,1,none
mass25,3,Trajectory2,1,0.00472013492900154,0.185225160874386,0.0183000468788441,913.178131000516,1,none
mass25,4,Trajectory2,1,0.00471379556924472,0.185488065568337,0.0182481147615748,988.1878929405,1,none
mass25,5,Trajectory2,1,0.00483237789345628,0.186626157782285,0.0177487456707571,973.618812572098,1,none
mass25,6,Trajectory2,1,0.00479737878807526,0.185920376503335,0.0180626057907942,993.759981089902,1,none
mass25,7,Trajectory2,1,0.00472634914280665,0.18414421566958,0.0183845755319397,958.190196021835,1,none
mass25,8,Trajectory2,1,0.00477094473087651,0.18573750512444,0.018069416803008,959.93334008268,1,none
mass25,9,Trajectory2,1,0.00467890486603491,0.18536370731894,0.0182926556474961,979.409186793034,1,none
mass25,10,Trajectory2,1,0.0045865527035319,0.183660710041027,0.018809501653941,965.941941265442,1,none
combined,0,Trajectory2,0,0.00478971358455858,0.186369034595626,0.0182141729100841,818.646161825993,1,none
combined,1,Trajectory2,1,0.00492128405456126,0.187141305763386,0.017954330553704,661.654645249785,1,none
combined,2,Trajectory2,1,0.0048281871571286,0.184607994935085,0.0184076899534878,571.179788122629,1,none
combined,3,Trajectory2,1,0.00479313300016396,0.185383743549777,0.0183672690944843,739.482262306931,1,none
combined,4,Trajectory2,1,0.00478265326234099,0.185634618605169,0.0183082289707659,822.507552322838,1,none
combined,5,Trajectory2,1,0.00491198418107172,0.186863928725007,0.0177840664601513,664.794400651476,1,none
combined,6,Trajectory2,1,0.00487574888464365,0.186469864519463,0.0181259018800536,777.941476201152,1,none
combined,7,Trajectory2,1,0.00479987285774995,0.184397280835584,0.0184579905221804,781.509867469207,1,none
combined,8,Trajectory2,1,0.00484523881548055,0.186175253161251,0.0181051430582244,758.164483856185,1,none
combined,9,Trajectory2,1,0.00475946298188066,0.18515703272254,0.018379466691313,745.462768571745,1,none
combined,10,Trajectory2,1,0.00465265272554893,0.184111276760954,0.0188801637866535,840.294960357665,1,none
mass25,0,Mass_inertia,0,0.00472724983124514,0.187463509360232,0.00996137960915387,1391.31837678199,1,none
mass25,1,Mass_inertia,1,0.00499628464409022,0.190179358218315,0.00972460405175297,1328.95815175825,1,none
mass25,2,Mass_inertia,1,0.00467531389926197,0.184790588297062,0.0100368150633877,1222.59408129377,1,none
mass25,3,Mass_inertia,1,0.00484950964383737,0.189945110596988,0.00999319770906024,1269.6527172064,1,none
mass25,4,Mass_inertia,1,0.00488509283050801,0.189349445630857,0.0101285474363236,1305.0350848592,1,none
mass25,5,Mass_inertia,1,0.0049342555538239,0.189775245892532,0.00911852487157598,1261.90588567504,1,none
mass25,6,Mass_inertia,1,0.00490968910913265,0.189997470529635,0.00989703951323383,1308.94167209517,1,none
mass25,7,Mass_inertia,1,0.00486266802723528,0.191103776502478,0.0102196874617915,1286.1960286454,1,none
mass25,8,Mass_inertia,1,0.00485791507359371,0.188295405038891,0.00965676806690367,1305.88777770046,1,none
mass25,9,Mass_inertia,1,0.00475814425174765,0.189113766451243,0.0100944889736279,1266.93148875145,1,none
mass25,10,Mass_inertia,1,0.00459175710377045,0.184891613641468,0.0102885226063828,1267.73369812631,1,none
combined,0,Mass_inertia,0,0.00480780625488011,0.188589495948943,0.010133468193131,1320.69636066109,1,none
combined,1,Mass_inertia,1,0.0051012545543982,0.192115862211251,0.0100248479337714,1088.19135860366,1,none
combined,2,Mass_inertia,1,0.00475540221518993,0.185486959900972,0.0101572530847032,1083.87274414552,1,none
combined,3,Mass_inertia,1,0.00492117150176507,0.190816339417427,0.0101102243359638,1169.13941801719,1,none
combined,4,Mass_inertia,1,0.00493761659948602,0.189542237744235,0.0106359066286899,1169.26163988709,1,none
combined,5,Mass_inertia,1,0.00503736208138017,0.191042744157394,0.00906583169887469,1052.48652651226,1,none
combined,6,Mass_inertia,1,0.00500115375446989,0.191184643408135,0.0103433341311493,1101.35117291053,1,none
combined,7,Mass_inertia,1,0.00496848439277641,0.192299395415828,0.0104443889330511,1075.65086206267,1,none
combined,8,Mass_inertia,1,0.00491522256142023,0.18907418123304,0.00978087522349248,1250.466635572,1,none
combined,9,Mass_inertia,1,0.00483529946133509,0.189803520149087,0.0104892313347781,1155.07577125668,1,none
combined,10,Mass_inertia,1,0.00467826357220246,0.186491270226838,0.0103882719495093,1137.49997468256,1,none
mass25,0,Actuator_delay,0,0.00724338121673537,0.228035861315545,0.00729439577452435,1385.45657945912,1,none
mass25,1,Actuator_delay,1,0.00958994700837936,0.255512136177656,0.0100402535461355,1097.6532464576,1,none
mass25,2,Actuator_delay,1,0.00820205543578196,0.23836883539514,0.00680010419688181,1069.98151850584,1,none
mass25,3,Actuator_delay,1,0.00791522729083142,0.23992054649878,0.00891825307294034,1029.63425836795,1,none
mass25,4,Actuator_delay,1,0.00832087564833547,0.240558496247795,0.00850894721174348,1050.3343196818,1,none
mass25,5,Actuator_delay,1,0.0094715443941966,0.255202100248297,0.00825738642281928,1009.22215223794,1,none
mass25,6,Actuator_delay,1,0.00854639345981036,0.242897481310575,0.00658277408766039,1065.43917231691,1,none
mass25,7,Actuator_delay,1,0.0086467032016983,0.249472739173803,0.00862961516420197,1052.44392109231,1,none
mass25,8,Actuator_delay,1,0.00898365077510954,0.247816879740801,0.00814493035959761,1002.5459656872,1,none
mass25,9,Actuator_delay,1,0.0080233721930681,0.24272440855411,0.00848627253611496,1116.16609430909,1,none
mass25,10,Actuator_delay,1,0.00670012037275387,0.223973784082738,0.00996995098983608,1117.3220908822,1,none
combined,0,Actuator_delay,0,0.00721385642162924,0.2277360041342,0.00763806337945742,1387.61256552833,1,none
combined,1,Actuator_delay,1,0.00962203916071079,0.255675354693445,0.0106486363476837,1033.1016528522,1,none
combined,2,Actuator_delay,1,0.00818800740280997,0.238214452543295,0.00706351255091136,1006.14948290853,1,none
combined,3,Actuator_delay,1,0.00788261083986252,0.238734099473571,0.00924369407116597,1012.96474417698,1,none
combined,4,Actuator_delay,1,0.00848955699686613,0.241176290055368,0.00938633549327993,900.981045732768,1,none
combined,5,Actuator_delay,1,0.00948084954942652,0.254993309539143,0.00884402632914398,920.592126184049,1,none
combined,6,Actuator_delay,1,0.00860158452684234,0.243375814365186,0.00750617351114463,1021.59981594664,1,none
combined,7,Actuator_delay,1,0.00860559569781115,0.248447217669891,0.0088376543686623,1032.24351810246,1,none
combined,8,Actuator_delay,1,0.00901051255143051,0.247337807422325,0.00840768491754834,950.854499803279,1,none
combined,9,Actuator_delay,1,0.00800564651956389,0.241440645161209,0.00896977910773161,1043.97195013073,1,none
combined,10,Actuator_delay,1,0.00670979065709193,0.223445289127185,0.0102271556276364,1047.46287536466,1,none
mass25,0,Friction,0,0.00525995603853979,0.195828934883071,0.0115670065594305,1267.85119803491,1,none
mass25,1,Friction,1,0.00606750260148606,0.202867900616484,0.0105023621763872,1171.47429041082,1,none
mass25,2,Friction,1,0.00549956834939125,0.192949225610323,0.011490857258071,748.029971676707,1,none
mass25,3,Friction,1,0.00553427378436715,0.199236464710948,0.0117359193641143,1065.21622596951,1,none
mass25,4,Friction,1,0.00515336339989794,0.196735199656734,0.0115811164167059,1169.0766374055,1,none
mass25,5,Friction,1,0.00600380980520677,0.203142654182215,0.00983016128261361,1045.54611481496,1,none
mass25,6,Friction,1,0.00571866657624539,0.198590056478496,0.0112601780348317,1029.0017840311,1,none
mass25,7,Friction,1,0.00598395402978763,0.20535708127383,0.0118631146931148,923.869930504618,1,none
mass25,8,Friction,1,0.00541361708791292,0.199210481678062,0.0104683578716073,1191.81869517757,1,none
mass25,9,Friction,1,0.00535525146868149,0.201458976160119,0.0116929785091534,1127.25471446862,1,none
mass25,10,Friction,1,0.00471570560275392,0.189578314365092,0.0128425552328868,1011.66675600887,1,none
combined,0,Friction,0,0.00528220037421684,0.196334908225848,0.011676246043585,1060.12944264956,1,none
combined,1,Friction,1,0.00604637727588094,0.203978001423724,0.0108236332643726,1016.74563555267,1,none
combined,2,Friction,1,0.00551053169983388,0.192685533724069,0.0114220341765597,606.59667627615,1,none
combined,3,Friction,1,0.00556778853660801,0.198743822509706,0.0116286753802052,860.729646429017,1,none
combined,4,Friction,1,0.00526869739295101,0.19713441007114,0.0117095981366663,1019.13029641732,1,none
combined,5,Friction,1,0.00605640770556388,0.204645063210045,0.00949739926070926,892.381452711169,1,none
combined,6,Friction,1,0.00570191348392047,0.199878391304833,0.0117367706644741,937.792967724462,1,none
combined,7,Friction,1,0.00602228204253746,0.205853339148116,0.0119905514165263,816.074659127727,1,none
combined,8,Friction,1,0.00546145913126707,0.198613576269777,0.0103686667881994,1067.90154843102,1,none
combined,9,Friction,1,0.00529091350999771,0.201164840815713,0.0118296737677037,980.623015661264,1,none
combined,10,Friction,1,0.00479227015447497,0.189262198472821,0.0128262267221914,883.503429437984,1,none
mass25,0,CDR2-4,0,0.00456930472584344,0.192065534696069,0.0112325200961449,1474.94455151029,1,none
mass25,1,CDR2-4,1,0.00551866697447721,0.205027269523086,0.0106126498869422,1279.90897035485,1,none
mass25,2,CDR2-4,1,0.00504496393242061,0.197158246564396,0.0108888163838187,1183.59470042434,1,none
mass25,3,CDR2-4,1,0.00486653927239539,0.196840268410836,0.0117803714063194,1317.02579664503,1,none
mass25,4,CDR2-4,1,0.00496758246954186,0.196879440226494,0.0117594138488995,1308.89962218349,1,none
mass25,5,CDR2-4,1,0.00541806064295043,0.203345809044778,0.00960559169278944,1263.18430196048,1,none
mass25,6,CDR2-4,1,0.00520130185871197,0.199149465571862,0.0108976575491954,1253.53731652306,1,none
mass25,7,CDR2-4,1,0.0049414054494824,0.196399762407189,0.0116072985740094,1145.57972105577,1,none
mass25,8,CDR2-4,1,0.00527669209788235,0.201290298268743,0.0105482964370272,1331.20685648767,1,none
mass25,9,CDR2-4,1,0.00482186826184776,0.196294607327952,0.011697194462935,1306.7733868102,1,none
mass25,10,CDR2-4,1,0.00438722579062266,0.18973461849816,0.0124600319797509,1218.12889124829,1,none
combined,0,CDR2-4,0,0.00460288936962765,0.192430516192439,0.0117188423688211,1470.63581151566,1,none
combined,1,CDR2-4,1,0.00560219451914154,0.206383227680922,0.0111465179103384,1191.43632616393,1,none
combined,2,CDR2-4,1,0.00514409115620104,0.19799039924216,0.0115396494313406,1109.0945778721,1,none
combined,3,CDR2-4,1,0.00493034548119815,0.197175033157159,0.0123760410851454,1255.74087506777,1,none
combined,4,CDR2-4,1,0.0051235564338421,0.198148044022563,0.0127990251264622,1152.55594054336,1,none
combined,5,CDR2-4,1,0.00549297227949655,0.204105524157213,0.0099650618763816,1128.51736144411,1,none
combined,6,CDR2-4,1,0.00534397033869837,0.200800872876689,0.0118142096174763,1116.14405820068,1,none
combined,7,CDR2-4,1,0.00499234050897889,0.1967084290521,0.0120509500797873,1132.35985258001,1,none
combined,8,CDR2-4,1,0.00536456779952714,0.20180532140019,0.0109465669479939,1221.49079040365,1,none
combined,9,CDR2-4,1,0.00488776552899188,0.196450408236154,0.0124358374916817,1208.39724879435,1,none
combined,10,CDR2-4,1,0.00443627851127475,0.190020924298987,0.0128137948945188,1162.10019805975,1,none
mass25,0,CDR1-4,0,0.00974912141802568,0.257142273786172,0.0197397852182109,875.450698522896,1,none
mass25,1,CDR1-4,1,0.00953645467716526,0.257313642876253,0.017235793506744,988.16278552808,1,none
mass25,2,CDR1-4,1,0.00955069330077041,0.257599451301257,0.0155464127797459,1087.10580332691,1,none
mass25,3,CDR1-4,1,0.00931378492669935,0.255192020559461,0.0156047381041872,1072.83450218339,1,none
mass25,4,CDR1-4,1,0.00953717324400871,0.255723048124374,0.0161652990965271,1025.58341826169,1,none
mass25,5,CDR1-4,1,0.00946211965706265,0.25665235906436,0.0155307892630407,1074.17725898606,1,none
mass25,6,CDR1-4,1,0.00920009560114637,0.254347492350675,0.013872061231513,1175.32063574897,1,none
mass25,7,CDR1-4,1,0.00912384283786833,0.251537070204836,0.0154885201405338,1084.54378562199,1,none
mass25,8,CDR1-4,1,0.00955494435435844,0.25657406058057,0.0154883636057856,1077.16141486065,1,none
mass25,9,CDR1-4,1,0.0094475377638712,0.253762636491539,0.0157511784640103,1062.06610245587,1,none
mass25,10,CDR1-4,1,0.00944578751638818,0.255961739114688,0.0134146685577569,1281.84644757291,1,none
combined,0,CDR1-4,0,0.0097518290810612,0.257155592184388,0.0198613490941837,879.345820097419,1,none
combined,1,CDR1-4,1,0.00956559801792967,0.257695828598983,0.0175375777384909,987.77051314969,1,none
combined,2,CDR1-4,1,0.00956330334079272,0.257744708050178,0.015960116605684,1047.68118674363,1,none
combined,3,CDR1-4,1,0.00931041575788772,0.255021007588402,0.0156385644991164,1047.70349581432,1,none
combined,4,CDR1-4,1,0.00957962006490808,0.255959854408934,0.0171894518772436,996.015360966543,1,none
combined,5,CDR1-4,1,0.00947409101027094,0.256789704948626,0.0155974010914857,1003.86946216271,1,none
combined,6,CDR1-4,1,0.00922576751771689,0.25450245489721,0.0148637459346646,1062.78690869761,1,none
combined,7,CDR1-4,1,0.00913724277705427,0.251555535329181,0.0156275252266021,1057.24993048038,1,none
combined,8,CDR1-4,1,0.00956191843080456,0.256709689811363,0.0155444978426462,1068.90739995681,1,none
combined,9,CDR1-4,1,0.00943206780093701,0.253512652787879,0.0159227872924856,1041.90934672685,1,none
combined,10,CDR1-4,1,0.00946486840518313,0.256229063047398,0.0137715861386886,1235.50405775921,1,none
nominal,0,Optimized,0,0.00357216047671168,0.176134283029457,0.00768577649445755,1593.08362366292,1,none
nominal,1,Optimized,1,0.00409472291103395,0.185294999551824,0.00718269782755379,1527.96454393384,1,none
nominal,2,Optimized,1,0.00386295587577184,0.181342880854764,0.00760705606044402,1534.98528335203,1,none
nominal,3,Optimized,1,0.00386043516562967,0.183798394129275,0.00742865891567583,1540.43055969335,1,none
nominal,4,Optimized,1,0.00399726122507831,0.183386187715627,0.00752247895493252,1528.07259781489,1,none
nominal,5,Optimized,1,0.00399386944933286,0.183869098333729,0.00687539870890271,1534.94667631398,1,none
nominal,6,Optimized,1,0.00420497770195948,0.186934378636997,0.00738520721156,1519.54390172153,1,none
nominal,7,Optimized,1,0.00367740931191574,0.17770608021208,0.00785867046725867,1553.31592642732,1,none
nominal,8,Optimized,1,0.00421825272662483,0.187253433075518,0.00704184073786969,1526.386557565,1,none
nominal,9,Optimized,1,0.00372118277241231,0.180306387545369,0.00767985187559673,1537.98399332324,1,none
nominal,10,Optimized,1,0.00362530701114182,0.178270530238852,0.00818986107962515,1566.34715675007,1,none
mirrored,0,Optimized,0,0.065788574938367,0.33294706317603,0.0121692080767822,279.714083108221,1,none
mirrored,1,Optimized,1,0.071302080771876,0.349231983250081,0.0103127474458099,204.03852009291,1,none
mirrored,2,Optimized,1,0.0673302664553035,0.341768218630251,0.0120033927497887,222.942693759426,1,none
mirrored,3,Optimized,1,0.0701071282245084,0.345317277992246,0.0115093978281573,203.498549640261,1,none
mirrored,4,Optimized,1,0.0701244570971681,0.344580516901998,0.0112592286039901,207.819502593596,1,none
mirrored,5,Optimized,1,0.0696322949714542,0.345138685921172,0.0107809725742728,200.114892958501,1,none
mirrored,6,Optimized,1,0.0708515406067202,0.348624514759551,0.0116104983973566,185.505992119983,1,none
mirrored,7,Optimized,1,0.0687387959414937,0.341675851799325,0.0117553439969039,197.946506311122,1,none
mirrored,8,Optimized,1,0.0706777816679054,0.346853115144675,0.0108137908755379,199.137644253834,1,none
mirrored,9,Optimized,1,0.0690842132320203,0.34342864526114,0.0116789569955386,211.888553600097,1,none
mirrored,10,Optimized,1,0.0662615452141193,0.336889658879172,0.0134143073300061,241.082084349076,1,none
delay2,0,Optimized,0,0.00361802923531107,0.176878890047172,0.00767648737286089,1564.53169281672,1,none
delay2,1,Optimized,1,0.00430026770131312,0.189542100206544,0.00706666852409851,1388.44862874966,1,none
delay2,2,Optimized,1,0.00394395835225058,0.182031456129747,0.00754770967038525,1481.35721396729,1,none
delay2,3,Optimized,1,0.0040107790655738,0.185479213945001,0.00731972181432725,1415.88296741082,1,none
delay2,4,Optimized,1,0.00434025986556445,0.186279202622251,0.00710678205811979,1317.45353158198,1,none
delay2,5,Optimized,1,0.00417053190907536,0.186889625378045,0.00655733428224014,1415.08510108049,1,none
delay2,6,Optimized,1,0.00433058214465444,0.188692420863006,0.00731480885506374,1408.74079442421,1,none
delay2,7,Optimized,1,0.00377282866608209,0.179151453969631,0.00774501762439415,1479.28159681452,1,none
delay2,8,Optimized,1,0.00430315292658426,0.188538370416847,0.00701802649356435,1509.75449198162,1,none
delay2,9,Optimized,1,0.00384664281371298,0.181241541460958,0.0075977976386292,1464.51638980704,1,none
delay2,10,Optimized,1,0.00369057538504448,0.179420920718448,0.00815114173741828,1502.75052754157,1,none
damp2,0,Optimized,0,0.00357216047671168,0.176134283029457,0.00768577649445755,1593.08362366292,1,none
damp2,1,Optimized,1,0.00409472291103395,0.185294999551824,0.00718269782755379,1527.96454393384,1,none
damp2,2,Optimized,1,0.00386295587577184,0.181342880854764,0.00760705606044402,1534.98528335203,1,none
damp2,3,Optimized,1,0.00386043516562967,0.183798394129275,0.00742865891567583,1540.43055969335,1,none
damp2,4,Optimized,1,0.00399726122507831,0.183386187715627,0.00752247895493252,1528.07259781489,1,none
damp2,5,Optimized,1,0.00399386944933286,0.183869098333729,0.00687539870890271,1534.94667631398,1,none
damp2,6,Optimized,1,0.00420497770195948,0.186934378636997,0.00738520721156,1519.54390172153,1,none
damp2,7,Optimized,1,0.00367740931191574,0.17770608021208,0.00785867046725867,1553.31592642732,1,none
damp2,8,Optimized,1,0.00421825272662483,0.187253433075518,0.00704184073786969,1526.386557565,1,none
damp2,9,Optimized,1,0.00372118277241231,0.180306387545369,0.00767985187559673,1537.98399332324,1,none
damp2,10,Optimized,1,0.00362530701114182,0.178270530238852,0.00818986107962515,1566.34715675007,1,none
nominal,0,Trajectory,0,0.00680629580316678,0.227700057862863,0.00419558657068953,1440.247836888,1,none
nominal,1,Trajectory,1,0.0068162610310675,0.228153355732717,0.00420573669695455,1440.59407607438,1,none
nominal,2,Trajectory,1,0.00676902779463668,0.22767084681436,0.0042741169687816,1444.65369701357,1,none
nominal,3,Trajectory,1,0.00678196597308142,0.227762686616492,0.00420433404693151,1441.85634096469,1,none
nominal,4,Trajectory,1,0.00681137482164739,0.227752421809245,0.00424146347293296,1437.53762847685,1,none
nominal,5,Trajectory,1,0.00683826459077998,0.228107643882051,0.00407847050554166,1437.3255845223,1,none
nominal,6,Trajectory,1,0.00681333763826277,0.227741257777522,0.00418307284110118,1440.51848116621,1,none
nominal,7,Trajectory,1,0.00676406862112941,0.227474340476939,0.00424703130373666,1444.81415756649,1,none
nominal,8,Trajectory,1,0.00683358539791248,0.228093877279449,0.00418318687322287,1437.50592580486,1,none
nominal,9,Trajectory,1,0.00679566474637793,0.22770225992106,0.00424211639180674,1440.67528542347,1,none
nominal,10,Trajectory,1,0.00676044745838713,0.227180965278854,0.00431394435029001,1441.94208218915,1,none
mirrored,0,Trajectory,0,0.0808951336058315,0.370105886935521,0.00902655060003501,189.409392538206,1,none
mirrored,1,Trajectory,1,0.0808039341829399,0.370250750222052,0.0088934192368044,186.73680430096,1,none
mirrored,2,Trajectory,1,0.0802306064810748,0.369399769341638,0.00912888370591346,190.457104739003,1,none
mirrored,3,Trajectory,1,0.0806662856675269,0.369770664515499,0.00902762969353196,187.758289857037,1,none
mirrored,4,Trajectory,1,0.0810141078616687,0.37017652459065,0.00894623156869521,184.215588483245,1,none
mirrored,5,Trajectory,1,0.0811018213632351,0.370843022097992,0.00896820532217542,179.599486852922,1,none
mirrored,6,Trajectory,1,0.0808746097491577,0.37009360742818,0.00902625974128979,182.211994337172,1,none
mirrored,7,Trajectory,1,0.080571810676104,0.369619607062755,0.00904397117403515,188.278574824024,1,none
mirrored,8,Trajectory,1,0.0810512229399246,0.370554357556594,0.00894775922771627,184.107523501576,1,none
mirrored,9,Trajectory,1,0.0810935407961965,0.370442008698978,0.00901659924019675,180.752796937079,1,none
mirrored,10,Trajectory,1,0.0806065803094055,0.369477644082258,0.00925001929906367,188.028194668007,1,none
delay2,0,Trajectory,0,0.00680058634158909,0.227831749625506,0.00434748930845275,1398.09114530043,1,none
delay2,1,Trajectory,1,0.00683519601821015,0.228444614324967,0.00432727720220984,1376.18560171155,1,none
delay2,2,Trajectory,1,0.00676577960473458,0.227708787400471,0.00444122734845917,1393.47985242228,1,none
delay2,3,Trajectory,1,0.00680788707700595,0.227964273682649,0.0043117665136124,1366.30042625581,1,none
delay2,4,Trajectory,1,0.00681443692402553,0.227829072185319,0.00436821275338595,1397.29408317742,1,none
delay2,5,Trajectory,1,0.00682362472620714,0.228197040969628,0.00423040703695816,1398.2521942837,1,none
delay2,6,Trajectory,1,0.00682132494737273,0.228012105260665,0.00434262274541067,1386.12973473665,1,none
delay2,7,Trajectory,1,0.00677262435500286,0.22756341391838,0.00436939997882313,1395.61785675023,1,none
delay2,8,Trajectory,1,0.00682112217927485,0.22817736413855,0.00433884008047039,1395.42723495771,1,none
delay2,9,Trajectory,1,0.00679437834808673,0.227813831088683,0.00438640358093757,1382.3469715182,1,none
delay2,10,Trajectory,1,0.00676429913407177,0.227425164960677,0.00443744281741072,1384.59170354283,1,none
damp2,0,Trajectory,0,0.00680629580316678,0.227700057862863,0.00419558657068953,1440.247836888,1,none
damp2,1,Trajectory,1,0.0068162610310675,0.228153355732717,0.00420573669695455,1440.59407607438,1,none
damp2,2,Trajectory,1,0.00676902779463668,0.22767084681436,0.0042741169687816,1444.65369701357,1,none
damp2,3,Trajectory,1,0.00678196597308142,0.227762686616492,0.00420433404693151,1441.85634096469,1,none
damp2,4,Trajectory,1,0.00681137482164739,0.227752421809245,0.00424146347293296,1437.53762847685,1,none
damp2,5,Trajectory,1,0.00683826459077998,0.228107643882051,0.00407847050554166,1437.3255845223,1,none
damp2,6,Trajectory,1,0.00681333763826277,0.227741257777522,0.00418307284110118,1440.51848116621,1,none
damp2,7,Trajectory,1,0.00676406862112941,0.227474340476939,0.00424703130373666,1444.81415756649,1,none
damp2,8,Trajectory,1,0.00683358539791248,0.228093877279449,0.00418318687322287,1437.50592580486,1,none
damp2,9,Trajectory,1,0.00679566474637793,0.22770225992106,0.00424211639180674,1440.67528542347,1,none
damp2,10,Trajectory,1,0.00676044745838713,0.227180965278854,0.00431394435029001,1441.94208218915,1,none
nominal,0,Trajectory2,0,0.00305321517519549,0.158242821868592,0.0104659846764615,1393.3362752341,1,none
nominal,1,Trajectory2,1,0.00308925953444648,0.157859830819573,0.0103177694864707,1384.96846813507,1,none
nominal,2,Trajectory2,1,0.00303455023634652,0.156567658286276,0.0105721122797117,1385.21706568711,1,none
nominal,3,Trajectory2,1,0.00298152458721828,0.156722215329306,0.0105177061745033,1381.64897728005,1,none
nominal,4,Trajectory2,1,0.00303126935853146,0.156944213290593,0.0105234810259821,1392.24981099092,1,none
nominal,5,Trajectory2,1,0.00308639985689327,0.158215276446642,0.0102240989228925,1383.06352720712,1,none
nominal,6,Trajectory2,1,0.00308291971356649,0.157653727636128,0.0104182956403069,1391.01415047626,1,none
nominal,7,Trajectory2,1,0.00293711770354019,0.153485806112841,0.0105824826592697,1381.02438957952,1,none
nominal,8,Trajectory2,1,0.00306494815017749,0.157577928093194,0.0104002320948758,1390.13624883041,1,none
nominal,9,Trajectory2,1,0.00297732635249057,0.156279834961656,0.0105485907500154,1386.6210466084,1,none
nominal,10,Trajectory2,1,0.00293106003015034,0.15575475586367,0.0108454734367491,1397.91025412001,1,none
mirrored,0,Trajectory2,0,0.0351063803822661,0.25930221581276,0.0298182935208053,-93.5564142674105,1,none
mirrored,1,Trajectory2,1,0.0359750654326834,0.262572802733382,0.0292034047708395,-102.586277448465,1,none
mirrored,2,Trajectory2,1,0.0350861010401454,0.260512447351855,0.0297486536475858,-95.6750629051955,1,none
mirrored,3,Trajectory2,1,0.0354853208711403,0.260675084670608,0.0296200975064866,-87.3216862234543,1,none
mirrored,4,Trajectory2,1,0.035164951751295,0.259065300585785,0.0297423737692785,-85.2471620672083,1,none
mirrored,5,Trajectory2,1,0.0359701360978116,0.262216598808362,0.02927909942095,-100.538108076859,1,none
mirrored,6,Trajectory2,1,0.0354383199022293,0.26026790999944,0.0296628003383175,-102.965987421272,1,none
mirrored,7,Trajectory2,1,0.0356715195907341,0.261071846334249,0.029627178111276,-101.53933525632,1,none
mirrored,8,Trajectory2,1,0.0352818556543039,0.259824348678497,0.0295655429730026,-99.9166583859702,1,none
mirrored,9,Trajectory2,1,0.0351342918206732,0.25893427703035,0.0298752755406737,-95.0816646614216,1,none
mirrored,10,Trajectory2,1,0.0343203170582713,0.256861236071761,0.0304362918006205,-94.5956761996953,1,none
delay2,0,Trajectory2,0,0.00308866359930361,0.15729018216863,0.0105091493953167,1279.51862206376,1,none
delay2,1,Trajectory2,1,0.00315874391904648,0.15808597257984,0.0103474554172133,1222.93319993443,1,none
delay2,2,Trajectory2,1,0.00308982567863173,0.1550823897732,0.0106345107192849,1100.36845718031,1,none
delay2,3,Trajectory2,1,0.00304705472391845,0.155685928615204,0.0105496507863223,1212.63596820967,1,none
delay2,4,Trajectory2,1,0.00307692563107697,0.156301412595013,0.0105573072947919,1299.46236771583,1,none
delay2,5,Trajectory2,1,0.00314842001446427,0.157697593963718,0.010251628976438,1230.13161561881,1,none
delay2,6,Trajectory2,1,0.00314931135401096,0.157273587838525,0.0104290157893875,1219.83778997743,1,none
delay2,7,Trajectory2,1,0.00301158183598011,0.152713439485583,0.0106327166760556,1069.94509468984,1,none
delay2,8,Trajectory2,1,0.00311881389635599,0.156895582374909,0.0104343391278125,1218.17560714526,1,none
delay2,9,Trajectory2,1,0.00302068078440675,0.154466446102783,0.0105955246174532,1159.55925481953,1,none
delay2,10,Trajectory2,1,0.00297060596061732,0.155169654732935,0.0108617418621626,1248.03992843868,1,none
damp2,0,Trajectory2,0,0.00305321517519549,0.158242821868592,0.0104659846764615,1393.3362752341,1,none
damp2,1,Trajectory2,1,0.00308925953444648,0.157859830819573,0.0103177694864707,1384.96846813507,1,none
damp2,2,Trajectory2,1,0.00303455023634652,0.156567658286276,0.0105721122797117,1385.21706568711,1,none
damp2,3,Trajectory2,1,0.00298152458721828,0.156722215329306,0.0105177061745033,1381.64897728005,1,none
damp2,4,Trajectory2,1,0.00303126935853146,0.156944213290593,0.0105234810259821,1392.24981099092,1,none
damp2,5,Trajectory2,1,0.00308639985689327,0.158215276446642,0.0102240989228925,1383.06352720712,1,none
damp2,6,Trajectory2,1,0.00308291971356649,0.157653727636128,0.0104182956403069,1391.01415047626,1,none
damp2,7,Trajectory2,1,0.00293711770354019,0.153485806112841,0.0105824826592697,1381.02438957952,1,none
damp2,8,Trajectory2,1,0.00306494815017749,0.157577928093194,0.0104002320948758,1390.13624883041,1,none
damp2,9,Trajectory2,1,0.00297732635249057,0.156279834961656,0.0105485907500154,1386.6210466084,1,none
damp2,10,Trajectory2,1,0.00293106003015034,0.15575475586367,0.0108454734367491,1397.91025412001,1,none
nominal,0,Mass_inertia,0,0.00343982174006724,0.162381360360088,0.00616001218148947,1543.62272900124,1,none
nominal,1,Mass_inertia,1,0.00366079139743733,0.166094088319442,0.00593590729167227,1497.38231240083,1,none
nominal,2,Mass_inertia,1,0.00334511992643503,0.159777315619019,0.00619045424604362,1528.99032453786,1,none
nominal,3,Mass_inertia,1,0.00349929768900875,0.165328178328948,0.00610859514109591,1509.20043522433,1,none
nominal,4,Mass_inertia,1,0.00366983443227446,0.164851668250968,0.00622189504211032,1338.64374826408,1,none
nominal,5,Mass_inertia,1,0.00361411941173044,0.165510333968568,0.00558902887189322,1495.19355246013,1,none
nominal,6,Mass_inertia,1,0.0035948957044074,0.165629639651059,0.00611829512994286,1509.21913165828,1,none
nominal,7,Mass_inertia,1,0.0034481510002054,0.165139946200041,0.0062677504230671,1522.18723594688,1,none
nominal,8,Mass_inertia,1,0.00364443443954873,0.164283076552116,0.00592113457347669,1391.47016271015,1,none
nominal,9,Mass_inertia,1,0.00349978989374887,0.163995395239433,0.00621267033088747,1458.85628193752,1,none
nominal,10,Mass_inertia,1,0.00338707398888456,0.159477396111966,0.0064699290518664,1391.31544220164,1,none
mirrored,0,Mass_inertia,0,0.0507403692883614,0.288978509077901,0.0200683445692336,-120.032506380867,1,none
mirrored,1,Mass_inertia,1,0.0540275753290855,0.299992323508203,0.0183033637480148,-91.648217631472,1,none
mirrored,2,Mass_inertia,1,0.0512944195406021,0.294571223874866,0.0197668855877076,-173.610909318949,1,none
mirrored,3,Mass_inertia,1,0.0526816797514346,0.296096316998684,0.0193948977347829,-173.290972862175,1,none
mirrored,4,Mass_inertia,1,0.0529276132001813,0.29396203096295,0.0191662805032067,-150.464566752207,1,none
mirrored,5,Mass_inertia,1,0.0535786500488276,0.297637713961203,0.0188849870276112,-151.681122922709,1,none
mirrored,6,Mass_inertia,1,0.0530407027163922,0.298039828767059,0.0195359204151519,-200.471618250579,1,none
mirrored,7,Mass_inertia,1,0.0529482711062893,0.294281984698241,0.019419980977503,-173.926327747004,1,none
mirrored,8,Mass_inertia,1,0.0533538876017583,0.29600539864023,0.0188722505758236,-157.688956979088,1,none
mirrored,9,Mass_inertia,1,0.0522491203720938,0.291726097860755,0.0196352109415665,-172.780329341759,1,none
mirrored,10,Mass_inertia,1,0.0496287288024195,0.28630218532389,0.0213234532442459,-189.187364164102,1,none
delay2,0,Mass_inertia,0,0.00353480019581714,0.164109741295853,0.00622826559665195,1512.78062645034,1,none
delay2,1,Mass_inertia,1,0.00380719923097298,0.169255952166886,0.00604744023904535,1375.04877052405,1,none
delay2,2,Mass_inertia,1,0.00343455231143222,0.16073764528743,0.00622446036426782,1479.15091581514,1,none
delay2,3,Mass_inertia,1,0.0036206992736187,0.166933312358307,0.00611509113785241,1430.64949478854,1,none
delay2,4,Mass_inertia,1,0.00373856799421497,0.165380429312596,0.00644511581663642,1314.58717505686,1,none
delay2,5,Mass_inertia,1,0.00373691272544643,0.167247437008952,0.00548198012326376,1385.57713114766,1,none
delay2,6,Mass_inertia,1,0.00369905392582553,0.167190888450844,0.00630101546782631,1418.39147119568,1,none
delay2,7,Mass_inertia,1,0.00357138747229905,0.166990184296537,0.00628369347052264,1384.09449071465,1,none
delay2,8,Mass_inertia,1,0.00368679881107834,0.165425562546772,0.00597411429035856,1419.14365465089,1,none
delay2,9,Mass_inertia,1,0.00358175447570872,0.164782533325316,0.00639626463701746,1427.9194103372,1,none
delay2,10,Mass_inertia,1,0.00346940063546307,0.161742659832882,0.00648983406198806,1361.89789807651,1,none
damp2,0,Mass_inertia,0,0.00343982174006724,0.162381360360088,0.00616001218148947,1543.62272900124,1,none
damp2,1,Mass_inertia,1,0.00366079139743733,0.166094088319442,0.00593590729167227,1497.38231240083,1,none
damp2,2,Mass_inertia,1,0.00334511992643503,0.159777315619019,0.00619045424604362,1528.99032453786,1,none
damp2,3,Mass_inertia,1,0.00349929768900875,0.165328178328948,0.00610859514109591,1509.20043522433,1,none
damp2,4,Mass_inertia,1,0.00366983443227446,0.164851668250968,0.00622189504211032,1338.64374826408,1,none
damp2,5,Mass_inertia,1,0.00361411941173044,0.165510333968568,0.00558902887189322,1495.19355246013,1,none
damp2,6,Mass_inertia,1,0.0035948957044074,0.165629639651059,0.00611829512994286,1509.21913165828,1,none
damp2,7,Mass_inertia,1,0.0034481510002054,0.165139946200041,0.0062677504230671,1522.18723594688,1,none
damp2,8,Mass_inertia,1,0.00364443443954873,0.164283076552116,0.00592113457347669,1391.47016271015,1,none
damp2,9,Mass_inertia,1,0.00349978989374887,0.163995395239433,0.00621267033088747,1458.85628193752,1,none
damp2,10,Mass_inertia,1,0.00338707398888456,0.159477396111966,0.0064699290518664,1391.31544220164,1,none
nominal,0,Actuator_delay,0,0.00604883202272139,0.213296129396987,0.00450156533064511,1359.90825943441,1,none
nominal,1,Actuator_delay,1,0.0092444533580044,0.252022623419212,0.00471727865817226,1117.12802765518,1,none
nominal,2,Actuator_delay,1,0.00696811716247094,0.226794832357263,0.0043662789349976,1235.45360237478,1,none
nominal,3,Actuator_delay,1,0.0067887887752418,0.226416185633589,0.0053089431124568,1125.48160181033,1,none
nominal,4,Actuator_delay,1,0.0076982984587941,0.229467845354218,0.00508962195936255,931.708873683232,1,none
nominal,5,Actuator_delay,1,0.00903375716642159,0.251546201552189,0.00370742032495033,1198.13066256708,1,none
nominal,6,Actuator_delay,1,0.00780177631794971,0.232624267148911,0.00399519666721151,1250.61317859989,1,none
nominal,7,Actuator_delay,1,0.0071758247685139,0.233438611646334,0.00513181629653806,1212.63556763656,1,none
nominal,8,Actuator_delay,1,0.00867482004471013,0.242153079701698,0.00403032595684281,1031.70543448517,1,none
nominal,9,Actuator_delay,1,0.00695014099851219,0.228383405705788,0.00489353289099662,975.647743720234,1,none
nominal,10,Actuator_delay,1,0.00530691202533928,0.20342470300168,0.00644618975056939,1134.02374893335,1,none
mirrored,0,Actuator_delay,0,0.0738195205424555,0.346039890258627,0.0114652831967296,214.875318067045,1,none
mirrored,1,Actuator_delay,1,0.0815937143498116,0.374516971722319,0.00896378353024058,-35.1575284952809,1,none
mirrored,2,Actuator_delay,1,0.0708946626303439,0.351856951415309,0.011985758134312,-69.2604943861188,1,none
mirrored,3,Actuator_delay,1,0.0760964740937685,0.35800049434859,0.0104536908036892,-2.20544884970038,1,none
mirrored,4,Actuator_delay,1,0.0773886399140578,0.358947249770504,0.00952013977825281,2.48451470727152,1,none
mirrored,5,Actuator_delay,1,0.0804601938438188,0.373746862709957,0.00975950637748659,-104.255717530177,1,none
mirrored,6,Actuator_delay,1,0.0757375313937102,0.366736674788304,0.0110478128179349,-116.662319598065,1,none
mirrored,7,Actuator_delay,1,0.0751355604452365,0.351527487850367,0.0108703353101173,-1.92993912676143,1,none
mirrored,8,Actuator_delay,1,0.0796307321706852,0.369666189279484,0.00936587400656515,-19.650115972758,1,none
mirrored,9,Actuator_delay,1,0.0762721806275252,0.356470348744478,0.0102447942977473,14.1706611913169,1,none
mirrored,10,Actuator_delay,1,0.0669146887353131,0.333760541568503,0.0150679748732091,-198.346212851616,1,none
delay2,0,Actuator_delay,0,0.00602785837408377,0.212990111206892,0.00469492674510874,1432.02495818409,1,none
delay2,1,Actuator_delay,1,0.00935939392384977,0.252521424420566,0.00514521586951148,1044.96750896277,1,none
delay2,2,Actuator_delay,1,0.00697245223271612,0.226883632185488,0.00452187994574134,1190.45994373391,1,none
delay2,3,Actuator_delay,1,0.00680817740336253,0.224963612809872,0.00549135541894013,1099.40307431737,1,none
delay2,4,Actuator_delay,1,0.00799929919113302,0.231152274267369,0.00548268874703737,876.468922274358,1,none
delay2,5,Actuator_delay,1,0.00911427758996518,0.251705305078892,0.00403726347667894,1126.00901280458,1,none
delay2,6,Actuator_delay,1,0.00797143601293338,0.233842817954032,0.00448726797357528,1045.98962710063,1,none
delay2,7,Actuator_delay,1,0.00714774001071126,0.232353026365258,0.00526128691609568,1197.30381886011,1,none
delay2,8,Actuator_delay,1,0.00876511122477752,0.241723139865218,0.00420543267681554,1018.56729603366,1,none
delay2,9,Actuator_delay,1,0.00700380147852032,0.227013772462889,0.00517954422388595,929.969165206703,1,none
delay2,10,Actuator_delay,1,0.00533312651736203,0.202892411848357,0.00654162597689887,1168.09266984546,1,none
damp2,0,Actuator_delay,0,0.00604883202272139,0.213296129396987,0.00450156533064511,1359.90825943441,1,none
damp2,1,Actuator_delay,1,0.0092444533580044,0.252022623419212,0.00471727865817226,1117.12802765518,1,none
damp2,2,Actuator_delay,1,0.00696811716247094,0.226794832357263,0.0043662789349976,1235.45360237478,1,none
damp2,3,Actuator_delay,1,0.0067887887752418,0.226416185633589,0.0053089431124568,1125.48160181033,1,none
damp2,4,Actuator_delay,1,0.0076982984587941,0.229467845354218,0.00508962195936255,931.708873683232,1,none
damp2,5,Actuator_delay,1,0.00903375716642159,0.251546201552189,0.00370742032495033,1198.13066256708,1,none
damp2,6,Actuator_delay,1,0.00780177631794971,0.232624267148911,0.00399519666721151,1250.61317859989,1,none
damp2,7,Actuator_delay,1,0.0071758247685139,0.233438611646334,0.00513181629653806,1212.63556763656,1,none
damp2,8,Actuator_delay,1,0.00867482004471013,0.242153079701698,0.00403032595684281,1031.70543448517,1,none
damp2,9,Actuator_delay,1,0.00695014099851219,0.228383405705788,0.00489353289099662,975.647743720234,1,none
damp2,10,Actuator_delay,1,0.00530691202533928,0.20342470300168,0.00644618975056939,1134.02374893335,1,none
nominal,0,Friction,0,0.00360884521044107,0.170220769361801,0.0070143003482561,1534.72614392174,1,none
nominal,1,Friction,1,0.00447759263443594,0.180250630116806,0.00628343629154312,1437.61714725835,1,none
nominal,2,Friction,1,0.00382029356461723,0.167461773790784,0.00694714543079484,1177.78632291475,1,none
nominal,3,Friction,1,0.00384955590175298,0.174508562694307,0.00701024261469188,1436.04754426635,1,none
nominal,4,Friction,1,0.00359483873183176,0.171787902958771,0.00698981153893203,1480.03460525192,1,none
nominal,5,Friction,1,0.00439075362353623,0.180372138182456,0.00588567517136466,1430.77900264477,1,none
nominal,6,Friction,1,0.00404481352561626,0.173544155969188,0.00685093218455925,1347.72818520537,1,none
nominal,7,Friction,1,0.00421999701874087,0.17995131420505,0.00713798938169643,1271.25524581165,1,none
nominal,8,Friction,1,0.00391210334282559,0.176252423703951,0.00629660612402363,1476.34847982569,1,none
nominal,9,Friction,1,0.00370272069169966,0.176467445870162,0.00703095276890257,1461.93282648514,1,none
nominal,10,Friction,1,0.00305319372861413,0.161587455903393,0.00786093897332303,1436.45649942918,1,none
mirrored,0,Friction,0,0.0581755182351276,0.311314359633824,0.0149396395287454,134.033065480865,1,none
mirrored,1,Friction,1,0.0627723248046641,0.325844685436025,0.0128763068600148,213.785077819951,1,none
mirrored,2,Friction,1,0.0584087502121679,0.316253259105603,0.0152822294706679,26.7811995026054,1,none
mirrored,3,Friction,1,0.0600785266765207,0.318305573983673,0.0147837630864114,89.6460599322778,1,none
mirrored,4,Friction,1,0.0600979315249193,0.315008605372433,0.0148319412181249,45.0747577712378,1,none
mirrored,5,Friction,1,0.06233002978959,0.323626895118349,0.0135612289172081,144.92023160196,1,none
mirrored,6,Friction,1,0.0598259912031494,0.320776965744318,0.015628294155164,-53.8558845616389,1,none
mirrored,7,Friction,1,0.0605294113780154,0.315728642715526,0.0148078157755135,64.1868729100096,1,none
mirrored,8,Friction,1,0.0613048322475485,0.320408471280129,0.0140461774688617,75.2303776167737,1,none
mirrored,9,Friction,1,0.0599199917896437,0.31477158160374,0.0150804999088778,53.6358126657768,1,none
mirrored,10,Friction,1,0.0554877358948466,0.304781537287804,0.0177022454217012,-77.9004486179565,1,none
delay2,0,Friction,0,0.00367723502483153,0.171551624788544,0.00695627583628597,1451.39020172,1,none
delay2,1,Friction,1,0.00457378275540734,0.181998026495924,0.00639291654372755,1330.9535926123,1,none
delay2,2,Friction,1,0.00389013164964498,0.167323107080271,0.006820282625696,1084.90047281835,1,none
delay2,3,Friction,1,0.00399174177180224,0.175041349128747,0.00672163236122624,1271.52481078467,1,none
delay2,4,Friction,1,0.00386962575785584,0.173752121231426,0.00693431374993063,1272.69394839336,1,none
delay2,5,Friction,1,0.00448054375003526,0.182579410818859,0.00569569949230135,1291.33503076438,1,none
delay2,6,Friction,1,0.00414679644181283,0.175586914329839,0.00691400273998637,1281.30088634971,1,none
delay2,7,Friction,1,0.00426680886165173,0.1812881723455,0.0069659903239933,1114.45195415603,1,none
delay2,8,Friction,1,0.00404575899385485,0.175451099649891,0.00622494331926697,1361.44298060972,1,none
delay2,9,Friction,1,0.00375049507107551,0.177108450460279,0.00705322246165687,1336.35052153234,1,none
delay2,10,Friction,1,0.00307250122482387,0.16118473303901,0.00791056932050242,1322.77643328811,1,none
damp2,0,Friction,0,0.00360884521044107,0.170220769361801,0.0070143003482561,1534.72614392174,1,none
damp2,1,Friction,1,0.00447759263443594,0.180250630116806,0.00628343629154312,1437.61714725835,1,none
damp2,2,Friction,1,0.00382029356461723,0.167461773790784,0.00694714543079484,1177.78632291475,1,none
damp2,3,Friction,1,0.00384955590175298,0.174508562694307,0.00701024261469188,1436.04754426635,1,none
damp2,4,Friction,1,0.00359483873183176,0.171787902958771,0.00698981153893203,1480.03460525192,1,none
damp2,5,Friction,1,0.00439075362353623,0.180372138182456,0.00588567517136466,1430.77900264477,1,none
damp2,6,Friction,1,0.00404481352561626,0.173544155969188,0.00685093218455925,1347.72818520537,1,none
damp2,7,Friction,1,0.00421999701874087,0.17995131420505,0.00713798938169643,1271.25524581165,1,none
damp2,8,Friction,1,0.00391210334282559,0.176252423703951,0.00629660612402363,1476.34847982569,1,none
damp2,9,Friction,1,0.00370272069169966,0.176467445870162,0.00703095276890257,1461.93282648514,1,none
damp2,10,Friction,1,0.00305319372861413,0.161587455903393,0.00786093897332303,1436.45649942918,1,none
nominal,0,CDR2-4,0,0.00346982044332695,0.173520616130402,0.00676901367688588,1560.96873812675,1,none
nominal,1,CDR2-4,1,0.00450674893043927,0.190258840190517,0.00615175565538437,1417.00960019671,1,none
nominal,2,CDR2-4,1,0.00386990724706708,0.179327969658556,0.00658011126603631,1461.75927758891,1,none
nominal,3,CDR2-4,1,0.0036559850140679,0.178411295322666,0.00695924740865415,1459.50285073436,1,none
nominal,4,CDR2-4,1,0.00389518403666837,0.178652293651711,0.00698230371115828,1441.44273904755,1,none
nominal,5,CDR2-4,1,0.00437007341831937,0.188228977307622,0.00557862713194235,1441.45957521098,1,none
nominal,6,CDR2-4,1,0.0040731684309009,0.181451812432235,0.00653874209195429,1449.45731514985,1,none
nominal,7,CDR2-4,1,0.00366844218638511,0.176101003191673,0.00689145509022947,1455.4898699117,1,none
nominal,8,CDR2-4,1,0.00427264071953079,0.185428408212465,0.00618900978495612,1393.24877212752,1,none
nominal,9,CDR2-4,1,0.00361335531107401,0.1764335974736,0.00694364607498191,1463.27958525365,1,none
nominal,10,CDR2-4,1,0.00316447586294387,0.167811399763447,0.00765218466911359,1518.7199315996,1,none
mirrored,0,CDR2-4,0,0.0592275735213175,0.318108530785171,0.0107364975842442,317.087890882518,1,none
mirrored,1,CDR2-4,1,0.066970408429543,0.340465385954751,0.00746567132110548,203.844769434593,1,none
mirrored,2,CDR2-4,1,0.0604150503664752,0.326427306202623,0.0107433667165489,223.46149355364,1,none
mirrored,3,CDR2-4,1,0.0626361789085612,0.327559072626939,0.00983207485776764,212.051328684004,1,none
mirrored,4,CDR2-4,1,0.0638288271800449,0.329743928340612,0.00904716093563488,213.974786266963,1,none
mirrored,5,CDR2-4,1,0.065216730029913,0.337199806373383,0.0085895958854465,185.174210615868,1,none
mirrored,6,CDR2-4,1,0.0632756314849653,0.331023458687372,0.010078453918027,189.509642965749,1,none
mirrored,7,CDR2-4,1,0.0618148277072473,0.325820996755953,0.0101043257199398,218.748312264556,1,none
mirrored,8,CDR2-4,1,0.0651757310085072,0.33470599307962,0.00846140634930566,186.906001870654,1,none
mirrored,9,CDR2-4,1,0.0633890285254397,0.331395608425557,0.00982762859640821,209.709482075037,1,none
mirrored,10,CDR2-4,1,0.0573308224165,0.315233519713114,0.0134268206525064,163.818112729677,1,none
delay2,0,CDR2-4,0,0.00350877730078867,0.174085652522135,0.00701331039111873,1543.6512385839,1,none
delay2,1,CDR2-4,1,0.00463585514746649,0.192345156604077,0.00641742217721796,1373.16147001075,1,none
delay2,2,CDR2-4,1,0.0040074932233707,0.180768314035468,0.00683514859523453,1360.94787887885,1,none
delay2,3,CDR2-4,1,0.00375108165575868,0.178891159316525,0.00727286503042802,1420.93594401331,1,none
delay2,4,CDR2-4,1,0.00413074539550327,0.180718279911517,0.00748173633891897,1336.63054617647,1,none
delay2,5,CDR2-4,1,0.00449090595462362,0.189558538219323,0.00572011750721502,1396.47208980956,1,none
delay2,6,CDR2-4,1,0.00430734392201604,0.184031920099318,0.00693257482276406,1366.47279464922,1,none
delay2,7,CDR2-4,1,0.00373611283839099,0.176631051531685,0.00712276079833522,1444.09279479065,1,none
delay2,8,CDR2-4,1,0.00437857361537748,0.185976473062419,0.00637262735766389,1360.45200769063,1,none
delay2,9,CDR2-4,1,0.00372944772144393,0.176771757911405,0.00728950295833002,1434.629383863,1,none
delay2,10,CDR2-4,1,0.00322472300642283,0.168467134712491,0.0077842414935451,1484.59073709225,1,none
damp2,0,CDR2-4,0,0.00346982044332695,0.173520616130402,0.00676901367688588,1560.96873812675,1,none
damp2,1,CDR2-4,1,0.00450674893043927,0.190258840190517,0.00615175565538437,1417.00960019671,1,none
damp2,2,CDR2-4,1,0.00386990724706708,0.179327969658556,0.00658011126603631,1461.75927758891,1,none
damp2,3,CDR2-4,1,0.0036559850140679,0.178411295322666,0.00695924740865415,1459.50285073436,1,none
damp2,4,CDR2-4,1,0.00389518403666837,0.178652293651711,0.00698230371115828,1441.44273904755,1,none
damp2,5,CDR2-4,1,0.00437007341831937,0.188228977307622,0.00557862713194235,1441.45957521098,1,none
damp2,6,CDR2-4,1,0.0040731684309009,0.181451812432235,0.00653874209195429,1449.45731514985,1,none
damp2,7,CDR2-4,1,0.00366844218638511,0.176101003191673,0.00689145509022947,1455.4898699117,1,none
damp2,8,CDR2-4,1,0.00427264071953079,0.185428408212465,0.00618900978495612,1393.24877212752,1,none
damp2,9,CDR2-4,1,0.00361335531107401,0.1764335974736,0.00694364607498191,1463.27958525365,1,none
damp2,10,CDR2-4,1,0.00316447586294387,0.167811399763447,0.00765218466911359,1518.7199315996,1,none
nominal,0,CDR1-4,0,0.0103500329634861,0.26150903451218,0.00972928622442418,1269.35383255002,1,none
nominal,1,CDR1-4,1,0.00978287177473689,0.258917198923042,0.00837987749556415,1262.1727888001,1,none
nominal,2,CDR1-4,1,0.0097549127881494,0.259202658693752,0.00745335209035368,1287.27459786386,1,none
nominal,3,CDR1-4,1,0.00949415252172918,0.256601394944757,0.00748089144253564,1271.18174653629,1,none
nominal,4,CDR1-4,1,0.00974327712182176,0.256635449900163,0.0077344468037053,1259.79792604259,1,none
nominal,5,CDR1-4,1,0.00971986501801432,0.258595635606664,0.00743620206626312,1290.98597930835,1,none
nominal,6,CDR1-4,1,0.00918829812843736,0.253865843625901,0.00647823595624149,1290.86956736342,1,none
nominal,7,CDR1-4,1,0.00926027365573871,0.252189905788735,0.00740012035263821,1289.18740111717,1,none
nominal,8,CDR1-4,1,0.00974085972716389,0.257541112010763,0.00737225502627661,1237.47461332891,1,none
nominal,9,CDR1-4,1,0.00968128669492229,0.254868410141154,0.00753509152556486,1259.06703108513,1,none
nominal,10,CDR1-4,1,0.00955280106426415,0.256370105642141,0.00621877181361441,1290.54636926717,1,none
mirrored,0,CDR1-4,0,0.0699739362521454,0.342520738358458,0.0100082189881584,261.089616487622,1,none
mirrored,1,CDR1-4,1,0.0698807222506628,0.343086136623231,0.0103561773348691,250.549446928257,1,none
mirrored,2,CDR1-4,1,0.0687346269169783,0.340980066124416,0.0109285757016601,244.355583834264,1,none
mirrored,3,CDR1-4,1,0.0692718866216166,0.340304076370647,0.010846873864081,225.710806490386,1,none
mirrored,4,CDR1-4,1,0.0702185989516953,0.342985804280428,0.0105817082862468,238.736391052439,1,none
mirrored,5,CDR1-4,1,0.069956446826641,0.342924708862601,0.0108207032565071,228.337171042834,1,none
mirrored,6,CDR1-4,1,0.0689785259670565,0.33936748970027,0.0114669535137492,244.571096136849,1,none
mirrored,7,CDR1-4,1,0.0694592363602519,0.341000344263384,0.0107479770698794,223.026595271819,1,none
mirrored,8,CDR1-4,1,0.0704094605491919,0.343240892369868,0.0106383764189613,223.163962793773,1,none
mirrored,9,CDR1-4,1,0.0703483950128238,0.343095393731177,0.0108046936551318,236.802348266877,1,none
mirrored,10,CDR1-4,1,0.0690942651253971,0.340087591119716,0.0114888802487943,264.739631978115,1,none
delay2,0,CDR1-4,0,0.0103348720888154,0.261382876838219,0.00984350407511443,1245.36199725326,1,none
delay2,1,CDR1-4,1,0.00982059239861045,0.259436577169919,0.00859452852833761,1243.7220878767,1,none
delay2,2,CDR1-4,1,0.0097689933493499,0.259284988476488,0.0077028090234808,1262.84248168233,1,none
delay2,3,CDR1-4,1,0.00946351844169457,0.256222270477704,0.00751427190759459,1272.23789138001,1,none
delay2,4,CDR1-4,1,0.00982213737364078,0.256989224147694,0.00833705226366927,1234.06834058726,1,none
delay2,5,CDR1-4,1,0.00971589969634098,0.258662843533016,0.00746372886964856,1285.77555906384,1,none
delay2,6,CDR1-4,1,0.0092271259678483,0.253997349427345,0.00700878580181855,1265.2570775534,1,none
delay2,7,CDR1-4,1,0.00926512268225697,0.252087490878842,0.00760296946837494,1280.927672586,1,none
delay2,8,CDR1-4,1,0.00972480419254558,0.257504710682997,0.00742252681579512,1246.36976953668,1,none
delay2,9,CDR1-4,1,0.00963507139468227,0.254236452369723,0.00767788524960421,1244.11170185298,1,none
delay2,10,CDR1-4,1,0.00957017002949186,0.25663807628908,0.00648622468091054,1274.20992183846,1,none
damp2,0,CDR1-4,0,0.0103500329634861,0.26150903451218,0.00972928622442418,1269.35383255002,1,none
damp2,1,CDR1-4,1,0.00978287177473689,0.258917198923042,0.00837987749556415,1262.1727888001,1,none
damp2,2,CDR1-4,1,0.0097549127881494,0.259202658693752,0.00745335209035368,1287.27459786386,1,none
damp2,3,CDR1-4,1,0.00949415252172918,0.256601394944757,0.00748089144253564,1271.18174653629,1,none
damp2,4,CDR1-4,1,0.00974327712182176,0.256635449900163,0.0077344468037053,1259.79792604259,1,none
damp2,5,CDR1-4,1,0.00971986501801432,0.258595635606664,0.00743620206626312,1290.98597930835,1,none
damp2,6,CDR1-4,1,0.00918829812843736,0.253865843625901,0.00647823595624149,1290.86956736342,1,none
damp2,7,CDR1-4,1,0.00926027365573871,0.252189905788735,0.00740012035263821,1289.18740111717,1,none
damp2,8,CDR1-4,1,0.00974085972716389,0.257541112010763,0.00737225502627661,1237.47461332891,1,none
damp2,9,CDR1-4,1,0.00968128669492229,0.254868410141154,0.00753509152556486,1259.06703108513,1,none
damp2,10,CDR1-4,1,0.00955280106426415,0.256370105642141,0.00621877181361441,1290.54636926717,1,none
