set,agent,seed,base_mass,delay_steps,stop_reason,t_end,n_steps,max_ee,rew_step_median,rew_step_min,sim_error
cdr_p4,CDR2-4,4,32.5,3,none,8.5,341,0.191026631158268,3.69532946301522,-0.761352357769206,
cdr_p4,CDR2-4,5,32.5,1,none,8.5,341,0.196317280034811,3.80261982980014,-0.73518555155419,
cdr_p4,CDR2-4,21,32.5,1,none,8.5,341,0.185877010206852,3.88286405389788,-0.568576833974885,
cdr_p4,CDR2-4,30,32.5,1,none,8.5,341,0.190347176483309,3.93207504528287,0.929087103822892,
cdr_p4,CDR2-4,33,32.5,3,none,8.5,341,0.187189984722831,3.82562595661571,-0.536906739644404,
cdr_p4,CDR2-4,48,32.5,3,none,8.5,341,0.196261607004114,3.89261769378674,-0.540001756032466,
cdr_p4,CDR2-4,57,32.5,1,none,8.5,341,0.190789841542576,5.51712809337068,-0.253051924106752,
cdr_p4,CDR2-4,64,32.5,1,none,8.5,341,0.187861297822498,5.62059581186651,-0.547803167815454,
cdr_p4,CDR2-4,71,32.5,3,none,8.5,341,0.192666222445317,3.81118363190292,-0.578166755672607,
cdr_p4,CDR2-4,73,32.5,1,none,8.5,341,0.18506275037916,3.94045570166243,0.844274150514885,
cdr_p4,CDR2-4,75,32.5,1,none,8.5,341,0.188811172195054,3.75649851677768,-0.313598433817487,
cdr_p4,CDR2-4,77,32.5,2,none,8.5,341,0.189907028119881,3.86435037038433,-0.313281319847303,
cdr_p4,CDR2-4,79,32.5,3,none,8.5,341,0.19395260059573,3.82856801376703,0.599408618938469,
cdr_p4,CDR2-4,80,32.5,3,none,8.5,341,0.189621070684807,3.78631566935956,-0.517752223967171,
cdr_p4,CDR2-4,82,32.5,1,none,8.5,341,0.191835253981929,3.87454208341247,-0.370635417447269,
cdr_p4,CDR2-4,91,32.5,2,none,8.5,341,0.193192378034331,3.81947665251145,-0.813800347616095,
cdr_p4,CDR2-4,93,32.5,1,none,8.5,341,0.190029428912719,3.8295412436478,0.699446990001302,
cdr_p4,CDR2-4,100,32.5,3,none,8.5,341,0.182077979725684,3.71377908110802,-0.642281182045705,
cdr_p4,CDR2-4,74,34.8297567637265,2,none,8.5,341,0.186568824808941,3.82960528753133,0.759650830548614,
cdr_p4,CDR2-4,52,35.8348851094645,1,none,8.5,341,0.190831810149772,5.61873066766153,0.660098138728261,
cdr_p4,CDR2-4,38,37.1578767345264,3,none,8.5,341,0.184500342221141,3.83163505397655,0.675251748162248,
cdr_p4,CDR2-4,89,37.6731632195663,1,none,8.5,341,0.183790344197887,3.92467972919596,-0.143250219609846,
cdr_p4,CDR2-4,39,39.9317531496327,2,none,8.5,341,0.18146838725755,3.88868751299205,-0.536665884577869,
cdr_p4,CDR2-4,55,40.6201253941848,3,none,8.5,341,0.191854022062689,3.76719409605168,-0.25719201462986,
cdr_p4,CDR2-4,58,41.5140600637765,1,none,8.5,341,0.18776954547389,5.59224539778408,1.0130709396441,
cdr_p4,CDR2-4,53,41.6033552565791,2,none,8.5,341,0.179329508093032,3.86302329950954,0.63001928259383,
cdr_p4,CDR2-4,27,42.3894894841156,1,none,8.5,341,0.181437490045023,5.60925517343848,0.657193232996511,
cdr_p4,CDR2-4,67,42.3969906352515,3,none,8.5,341,0.180547391907796,3.86720375650461,-0.29152622382919,
cdr_p4,CDR2-4,46,43.7897892651912,3,none,8.5,341,0.187306199118215,5.47885435498279,-0.658950852085195,
cdr_p4,CDR2-4,9,44.0224859119144,2,none,8.5,341,0.182149556222372,5.64662212142453,0.544621105934468,
cdr_p4,CDR2-4,94,45.8909533617929,3,none,8.5,341,0.178492224438234,3.87507141496741,1.18304331127969,
cdr_p4,CDR2-4,40,48.3824220485261,2,none,8.5,341,0.178248407069843,3.86457692797404,-0.245195054427191,
cdr_p4,CDR2-4,43,49.6357696480759,1,none,8.5,341,0.189011403646221,5.63688992296925,0.804129097083552,
cdr_p4,CDR2-4,2,50.5287503122469,2,none,8.5,341,0.183880172312042,3.8177892422428,-0.213681114570624,
cdr_p4,CDR2-4,18,51.2839108688407,2,none,8.5,341,0.179060773167692,3.89034771264545,1.09795881764242,
cdr_p4,CDR2-4,45,53.8892692901411,2,none,8.5,341,0.183866610832802,5.56719433159881,0.559346254267237,
cdr_p4,CDR2-4,8,54.0915105863061,1,none,8.5,341,0.187720211716067,5.47076190336137,0.763908120977337,
cdr_p4,CDR2-4,11,54.313045712683,3,none,8.5,341,0.187421992741212,3.83175891581546,1.14922638131795,
cdr_p4,CDR2-4,29,56.5387076311228,1,none,8.5,341,0.176492567755721,5.60432031647177,0.987446415591749,
cdr_p4,CDR2-4,84,57.1600331733521,1,none,8.5,341,0.172096156904772,5.72705594220337,1.0296682678615,
cdr_p4,CDR2-4,49,59.5720870284543,1,none,8.5,341,0.174892642944717,5.72383770494892,1.13361195393334,
cdr_p4,CDR2-4,54,59.7364617828761,1,none,8.5,341,0.179519755352662,3.84298292371999,0.693007856569305,
cdr_p4,CDR2-4,98,59.8217532656142,3,none,8.5,341,0.175385954357815,5.50736027567878,0.862181077894274,
cdr_p4,CDR2-4,66,62.7721697146671,3,none,8.5,341,0.181880269460876,3.85763381123618,-0.243827429638811,
cdr_p4,CDR2-4,92,64.3903268219218,1,none,8.5,341,0.17275889271911,5.70247179269066,0.953444859061499,
untrained,untrained1,1001,65,0,ep>0.5m,3.925,158,0.50498146178297,-2.15665722084297,-50,
untrained,untrained1,1002,65,0,ep>0.5m,3.3,133,0.505237067115845,-0.785327740359941,-50,
untrained,untrained1,1003,65,0,ep>0.5m,6.05,243,0.501938339906463,-3.27736325646342,-50,
untrained,untrained1,1004,65,0,none,8.5,341,0.372194418739312,-0.386523138764791,-3.32966507932638,
untrained,untrained1,1005,65,0,none,8.5,341,0.408327444993377,-3.0402495584214,-3.96897094379755,
untrained,untrained1,1006,65,0,ep>0.5m,4.45,179,0.502146291614297,-2.024328490702,-50,
untrained,untrained1,1007,65,0,none,8.5,341,0.428236248380194,-1.05402200576695,-4.32182804353289,
untrained,untrained1,1008,65,0,none,8.5,341,0.396428539908931,-1.399439381258,-3.73936925782092,
untrained,untrained1,1009,65,0,none,8.5,341,0.39692369002031,-0.374757813459843,-3.78778126360594,
untrained,untrained1,1010,65,0,ep>0.5m,4.55,183,0.501516825829124,-2.87745596286988,-50,
untrained,untrained1,1011,65,0,none,8.5,341,0.392147524859227,-1.05045799456282,-3.70288483108822,
untrained,untrained1,1012,65,0,none,8.5,341,0.413807131779069,-0.909271786450994,-4.10506097893322,
untrained,untrained1,1013,65,0,ep>0.5m,7.675,308,0.500976919083338,-2.67108481684605,-50,
untrained,untrained1,1014,65,0,none,8.5,341,0.408240359494642,-1.14283196342516,-3.83480589447336,
untrained,untrained1,1015,65,0,none,8.5,341,0.470196090642116,-2.78180322934017,-5.03120111038217,
untrained,untrained1,1016,65,0,none,8.5,341,0.391377793560433,-1.049840544924,-3.72268338897461,
untrained,untrained1,1017,65,0,none,8.5,341,0.399099556396121,-0.964591928717013,-3.64299881508389,
untrained,untrained1,1018,65,0,none,8.5,341,0.371055839948285,-1.36766551086489,-3.41884200893335,
untrained,untrained1,1019,65,0,none,8.5,341,0.447554351425907,-2.3995605986056,-4.70398262131836,
untrained,untrained1,1020,65,0,ep>0.5m,5.125,206,0.503137006511164,-1.78288978345266,-50,
untrained,untrained1,1021,65,0,ep>0.5m,4.375,176,0.502250441333701,-2.26968788722706,-50,
untrained,untrained1,1022,65,0,none,8.5,341,0.420636524567038,-0.954981790258691,-4.15792018369002,
untrained,untrained1,1023,65,0,none,8.5,341,0.428827922222671,-1.49775487861191,-4.24096891174193,
untrained,untrained1,1024,65,0,none,8.5,341,0.415819477439394,-1.07365363909307,-3.98189688361165,
untrained,untrained1,1025,65,0,none,8.5,341,0.414503690101617,-0.992762017340633,-3.9397026105287,
untrained,untrained1,1026,65,0,ep>0.5m,4.475,180,0.501766815542906,-1.87423991266837,-50,
untrained,untrained1,1027,65,0,none,8.5,341,0.401916126688521,-0.999161400445186,-3.80980985602901,
untrained,untrained1,1028,65,0,none,8.5,341,0.487289455335946,-1.73293467533944,-5.38899980188538,
untrained,untrained1,1029,65,0,none,8.5,341,0.426207682604934,-1.23432474197519,-4.3263263142732,
untrained,untrained1,1030,65,0,none,8.5,341,0.491371856846093,-1.54571954489139,-5.50567185183451,
untrained,untrained1,1031,65,0,none,8.5,341,0.402956172235508,-1.54796941965336,-3.96486173139288,
untrained,untrained1,1032,65,0,ep>0.5m,4.55,183,0.502794727526697,-1.43314324855268,-50,
untrained,untrained1,1033,65,0,none,8.5,341,0.439723861751055,-0.930956931919004,-4.38687213324423,
untrained,untrained1,1034,65,0,none,8.5,341,0.428408008821555,-1.6965099869714,-4.29432415655578,
untrained,untrained1,1035,65,0,none,8.5,341,0.392963394467692,-0.355653948959798,-3.70867141471173,
untrained,untrained1,1036,65,0,none,8.5,341,0.444245004324422,-1.34037396010031,-4.53729920183198,
untrained,untrained1,1037,65,0,none,8.5,341,0.381194375121646,-0.721235513731044,-3.48368112535688,
untrained,untrained1,1038,65,0,none,8.5,341,0.425020533273111,-1.36390084851161,-4.21125050378455,
untrained,untrained1,1039,65,0,none,8.5,341,0.406771062574129,-1.05106855548761,-3.95643386257437,
untrained,untrained1,1040,65,0,none,8.5,341,0.439593801084579,-2.14239021872598,-4.59325622556797,
untrained,untrained2,2001,65,0,none,8.5,341,0.441380194248942,-1.0963515568046,-4.60848580470776,
untrained,untrained2,2002,65,0,none,8.5,341,0.415301865900693,-0.985795689516366,-3.97855255549077,
untrained,untrained2,2003,65,0,none,8.5,341,0.404048886909143,-0.867392570474958,-3.89003315666165,
untrained,untrained2,2004,65,0,none,8.5,341,0.40185104167364,-1.08786359172725,-3.82595733599327,
untrained,untrained2,2005,65,0,none,8.5,341,0.470185515621987,0.0493286247716156,-5.06508010941802,
untrained,untrained2,2006,65,0,none,8.5,341,0.412590312640309,-1.52148678419483,-4.1087124006462,
untrained,untrained2,2007,65,0,none,8.5,341,0.386987101207209,-0.232631728099053,-3.59543779060189,
untrained,untrained2,2008,65,0,none,8.5,341,0.476684271309432,-3.6033818625132,-5.14750386063207,
untrained,untrained2,2009,65,0,none,8.5,341,0.401179234594033,-1.1304905481979,-3.62269452251478,
untrained,untrained2,2010,65,0,none,8.5,341,0.411596670572209,-1.2899682960584,-3.95619624629837,
untrained,untrained2,2011,65,0,none,8.5,341,0.421477989642799,-1.77046567759638,-4.03587177146404,
untrained,untrained2,2012,65,0,ep>0.5m,4.475,180,0.508582385394004,0.765143226312462,-50,
untrained,untrained2,2013,65,0,none,8.5,341,0.401723373266704,-0.818979001018199,-3.85887840120551,
untrained,untrained2,2014,65,0,none,8.5,341,0.407854362621467,-0.972544043536655,-3.93106529010886,
untrained,untrained2,2015,65,0,none,8.5,341,0.400442130202084,-0.98131303243286,-3.93506318066462,
untrained,untrained2,2016,65,0,none,8.5,341,0.3849746810767,-0.331707772183128,-3.49211392476257,
untrained,untrained2,2017,65,0,none,8.5,341,0.411898907030463,-1.6543147726254,-3.99577932803427,
untrained,untrained2,2018,65,0,none,8.5,341,0.421082405846328,-2.29356491705826,-4.07177711041854,
untrained,untrained2,2019,65,0,none,8.5,341,0.404580467352562,-1.31113992099696,-3.84106435677231,
untrained,untrained2,2020,65,0,none,8.5,341,0.419076458005361,-1.17773314857964,-4.04214462783017,
untrained,untrained2,2021,65,0,none,8.5,341,0.478169587539012,-3.28240947762308,-5.24727534507124,
untrained,untrained2,2022,65,0,none,8.5,341,0.398415820578277,-0.531809185273907,-3.77285841431647,
untrained,untrained2,2023,65,0,none,8.5,341,0.480320565801264,-0.941436397023803,-5.20739455245654,
untrained,untrained2,2024,65,0,none,8.5,341,0.411170118025083,-1.13041961097934,-3.95065731368225,
untrained,untrained2,2025,65,0,none,8.5,341,0.431397134096719,-0.908040073808854,-4.09923175284584,
untrained,untrained2,2026,65,0,none,8.5,341,0.394197093727454,-1.01839319785794,-3.74383756151466,
untrained,untrained2,2027,65,0,none,8.5,341,0.399764517360326,-1.53232562909308,-3.83610591395242,
untrained,untrained2,2028,65,0,none,8.5,341,0.471651538546993,-1.74520783487244,-5.03811852496159,
untrained,untrained2,2029,65,0,none,8.5,341,0.416845653265049,-1.16836569922701,-4.06932463911054,
untrained,untrained2,2030,65,0,none,8.5,341,0.409006345570831,-1.56331033471612,-3.96699070695155,
untrained,untrained2,2031,65,0,ep>0.5m,5.2,209,0.502370985484536,-1.10904012933682,-50,
untrained,untrained2,2032,65,0,none,8.5,341,0.39749148614293,-0.99377663601375,-3.73249394431624,
untrained,untrained2,2033,65,0,ep>0.5m,3.65,147,0.503439960334133,-1.3125110819815,-50,
untrained,untrained2,2034,65,0,none,8.5,341,0.436516941621045,-0.929614288547448,-4.35641660845474,
untrained,untrained2,2035,65,0,ep>0.5m,4.35,175,0.500537001427226,-1.7255021844942,-50,
untrained,untrained2,2036,65,0,none,8.5,341,0.363564216668611,-1.00915329797565,-3.31653280768742,
untrained,untrained2,2037,65,0,none,8.5,341,0.425655834319048,-1.44808979695508,-4.24238241956911,
untrained,untrained2,2038,65,0,none,8.5,341,0.399624611351065,-1.97189952240386,-3.7190683442283,
untrained,untrained2,2039,65,0,none,8.5,341,0.40421293543744,-1.05239094862615,-3.78537014941407,
untrained,untrained2,2040,65,0,none,8.5,341,0.402675039452739,-1.15158869966354,-3.80387574615733,
untrained,untrained3,3001,65,0,none,8.5,341,0.404920955331551,-1.49414792704552,-3.87796544768049,
untrained,untrained3,3002,65,0,none,8.5,341,0.409604878954157,-1.47759633999729,-3.9195169829045,
untrained,untrained3,3003,65,0,none,8.5,341,0.423907760047897,-0.867038332161467,-4.23128407279956,
untrained,untrained3,3004,65,0,none,8.5,341,0.425804119193361,-1.63914164707118,-4.26960221809582,
untrained,untrained3,3005,65,0,none,8.5,341,0.433979582233001,-1.00860971085134,-4.29484053196793,
untrained,untrained3,3006,65,0,ep>0.5m,4.375,176,0.500968549238771,-2.36871080007555,-50,
untrained,untrained3,3007,65,0,ep>0.5m,4.975,200,0.500234830152587,-1.79276525014665,-50,
untrained,untrained3,3008,65,0,none,8.5,341,0.454555839463693,-0.850174221247993,-4.80795754780455,
untrained,untrained3,3009,65,0,ep>0.5m,8.4,337,0.504069164986053,-0.95032939287151,-50,
untrained,untrained3,3010,65,0,none,8.5,341,0.464956798780939,-1.94087809549631,-5.02518021375162,
untrained,untrained3,3011,65,0,none,8.5,341,0.479639747363276,-3.95901212371413,-5.21579218063991,
untrained,untrained3,3012,65,0,none,8.5,341,0.484660757545307,-0.938038782337481,-5.15614174131211,
untrained,untrained3,3013,65,0,none,8.5,341,0.467578600984697,-2.34310564865997,-5.07534935007827,
untrained,untrained3,3014,65,0,none,8.5,341,0.420159844044394,-1.05135818238183,-4.17160013051208,
untrained,untrained3,3015,65,0,none,8.5,341,0.38955737974625,-1.53401789697805,-3.65899290490964,
untrained,untrained3,3016,65,0,none,8.5,341,0.378620080637797,-0.705090359882626,-3.47076932063846,
untrained,untrained3,3017,65,0,none,8.5,341,0.40384078892045,-1.11179716147973,-3.95119994088653,
untrained,untrained3,3018,65,0,none,8.5,341,0.495825901342758,-4.09645189046274,-5.57801406822137,
untrained,untrained3,3019,65,0,none,8.5,341,0.389273913471144,-0.999157145266996,-3.59893452287725,
untrained,untrained3,3020,65,0,none,8.5,341,0.414084139304088,-1.61076318990334,-4.05653518487362,
untrained,untrained3,3021,65,0,none,8.5,341,0.402541226601355,-1.96412194063807,-3.80999422411872,
untrained,untrained3,3022,65,0,none,8.5,341,0.458269071796585,-3.34873839357403,-4.86910048098542,
untrained,untrained3,3023,65,0,none,8.5,341,0.406138914180901,-0.787600037293599,-3.98683218938637,
untrained,untrained3,3024,65,0,none,8.5,341,0.468614407003047,-2.87083096894128,-5.00754292234883,
untrained,untrained3,3025,65,0,none,8.5,341,0.417133808795405,-1.3984318663546,-4.16591514854318,
untrained,untrained3,3026,65,0,none,8.5,341,0.448975854809398,-1.18255750604698,-4.71865913941154,
untrained,untrained3,3027,65,0,none,8.5,341,0.419340299656846,-0.880768725000277,-4.15102218228308,
untrained,untrained3,3028,65,0,none,8.5,341,0.39815275688932,-0.663118008164277,-3.76033468453789,
untrained,untrained3,3029,65,0,none,8.5,341,0.401363399779013,-0.761283858453918,-3.85215735326739,
untrained,untrained3,3030,65,0,none,8.5,341,0.480709584336503,-3.59644436457521,-5.27323921749411,
untrained,untrained3,3031,65,0,none,8.5,341,0.401428842819328,-0.532352839764582,-3.85085704594435,
untrained,untrained3,3032,65,0,none,8.5,341,0.335826947889554,-0.777250811607966,-2.82182595364619,
untrained,untrained3,3033,65,0,none,8.5,341,0.399201473358093,-0.923714722460721,-3.69917390435325,
untrained,untrained3,3034,65,0,none,8.5,341,0.469662632852068,-3.84692985905707,-5.07336207712179,
untrained,untrained3,3035,65,0,none,8.5,341,0.366280401759713,-0.318015454442401,-3.24111429698847,
untrained,untrained3,3036,65,0,none,8.5,341,0.449815149559634,-3.10252707317106,-4.69965134134492,
untrained,untrained3,3037,65,0,none,8.5,341,0.493707362663836,-4.18233783248454,-5.4605503964259,
untrained,untrained3,3038,65,0,none,8.5,341,0.474495707525967,-3.61501224133178,-5.15081045665662,
untrained,untrained3,3039,65,0,none,8.5,341,0.40329051619532,-1.0518211231076,-3.95548116452678,
untrained,untrained3,3040,65,0,none,8.5,341,0.394535026269929,-0.569622654368291,-3.68844497827253,
untrained,untrained4,4001,65,0,none,8.5,341,0.39953272303009,-0.345645189242465,-3.82520430362208,
untrained,untrained4,4002,65,0,none,8.5,341,0.396357898306421,-2.04576869559395,-3.78647267372564,
untrained,untrained4,4003,65,0,none,8.5,341,0.454863827580525,-1.02239439329885,-4.75437837689895,
untrained,untrained4,4004,65,0,none,8.5,341,0.425700979913904,-0.937819719085515,-4.25907833504593,
untrained,untrained4,4005,65,0,none,8.5,341,0.408643748356827,-0.728843778306819,-4.00297774060127,
untrained,untrained4,4006,65,0,none,8.5,341,0.451793694402497,-1.08998145450529,-4.71142702411293,
untrained,untrained4,4007,65,0,none,8.5,341,0.402594281388341,-0.740125618075323,-3.83740550815857,
untrained,untrained4,4008,65,0,none,8.5,341,0.496216819000683,-4.12429776081088,-5.4978701086502,
untrained,untrained4,4009,65,0,ep>0.5m,3.15,127,0.503080002727106,-1.58819572402927,-50,
untrained,untrained4,4010,65,0,ep>0.5m,4.65,187,0.502760639944988,-2.31661698298325,-50,
untrained,untrained4,4011,65,0,none,8.5,341,0.432013128084214,-1.00527186504158,-4.40047088348992,
untrained,untrained4,4012,65,0,none,8.5,341,0.42141659980982,-0.711096176808927,-4.16754962060814,
untrained,untrained4,4013,65,0,ep>0.5m,6.3,253,0.501638284807929,-2.46048168453935,-50,
untrained,untrained4,4014,65,0,none,8.5,341,0.419698350210315,-3.20286883334352,-4.20955734739388,
untrained,untrained4,4015,65,0,none,8.5,341,0.412715205948497,-1.86943937104821,-4.02083587381363,
untrained,untrained4,4016,65,0,none,8.5,341,0.474344192713784,-1.76356470695531,-5.19579252626012,
untrained,untrained4,4017,65,0,none,8.5,341,0.435298360325779,-1.13228354945034,-4.39211660919595,
untrained,untrained4,4018,65,0,none,8.5,341,0.403655699858528,-1.01206001627489,-3.89126181579322,
untrained,untrained4,4019,65,0,none,8.5,341,0.426637345363012,-1.32394966518155,-4.2897280692396,
untrained,untrained4,4020,65,0,ep>0.5m,6.175,248,0.50181402124932,-2.84884708547315,-50,
untrained,untrained4,4021,65,0,none,8.5,341,0.412929939388629,-0.973420221446545,-4.07465966119033,
untrained,untrained4,4022,65,0,none,8.5,341,0.411070861017955,-1.25352821012415,-4.06807956971969,
untrained,untrained4,4023,65,0,none,8.5,341,0.406201314504581,-1.17755423911509,-3.8810525649592,
untrained,untrained4,4024,65,0,none,8.5,341,0.476701558729233,-3.14218355304995,-5.2048743890084,
untrained,untrained4,4025,65,0,ep>0.5m,3.85,155,0.501732607190609,-1.79298867482928,-50,
untrained,untrained4,4026,65,0,ep>0.5m,3.65,147,0.503890542790604,-0.878986511825794,-50,
untrained,untrained4,4027,65,0,none,8.5,341,0.376481960358295,-0.987494844327765,-3.55233865335198,
untrained,untrained4,4028,65,0,none,8.5,341,0.401253179293231,-1.15294094193585,-3.72057207203514,
untrained,untrained4,4029,65,0,none,8.5,341,0.417410872770536,-0.929116461762301,-4.03587860742033,
untrained,untrained4,4030,65,0,none,8.5,341,0.399046020282591,-2.20047037678509,-3.75857814341378,
untrained,untrained4,4031,65,0,ep>0.5m,5.85,235,0.501846773078185,-2.6965780246766,-50,
untrained,untrained4,4032,65,0,none,8.5,341,0.487607267863469,-4.1604293708109,-5.40202362819296,
untrained,untrained4,4033,65,0,ep>0.5m,3.8,153,0.500705698778365,-3.38565347061695,-50,
untrained,untrained4,4034,65,0,none,8.5,341,0.415315516227472,-1.23366457533299,-4.11747584575551,
untrained,untrained4,4035,65,0,none,8.5,341,0.448393427405799,-1.76231027386364,-4.64785336066954,
untrained,untrained4,4036,65,0,none,8.5,341,0.40392827484168,-0.851284448513999,-3.77191129817311,
untrained,untrained4,4037,65,0,none,8.5,341,0.468805502256205,-3.86305773623648,-4.99686907085115,
untrained,untrained4,4038,65,0,none,8.5,341,0.412815419416742,-1.3864463701387,-4.07787095071176,
untrained,untrained4,4039,65,0,none,8.5,341,0.413260271593906,-1.29424817255903,-3.87979834378712,
untrained,untrained4,4040,65,0,none,8.5,341,0.419912655181491,-1.77464374615887,-4.14036078693247,
untrained,untrained5,5001,65,0,none,8.5,341,0.388533774376383,-1.06700174173927,-3.63317809434628,
untrained,untrained5,5002,65,0,none,8.5,341,0.425811297260095,-0.981647407005523,-4.29288720333609,
untrained,untrained5,5003,65,0,none,8.5,341,0.452473162001136,-1.20389040581588,-4.6159708081574,
untrained,untrained5,5004,65,0,ep>0.5m,8.4,337,0.503383899268061,-1.33767893400544,-50,
untrained,untrained5,5005,65,0,none,8.5,341,0.413738366845011,-1.16221940774516,-4.14970700425321,
untrained,untrained5,5006,65,0,none,8.5,341,0.417329243451416,-0.459785506237361,-4.08790767958377,
untrained,untrained5,5007,65,0,none,8.5,341,0.419012726732387,-1.71296725341621,-4.17210825390393,
untrained,untrained5,5008,65,0,none,8.5,341,0.424000265491215,-0.818368915580083,-4.22283690162707,
untrained,untrained5,5009,65,0,none,8.5,341,0.418493261717629,-1.04975046812372,-4.15841865341944,
untrained,untrained5,5010,65,0,none,8.5,341,0.496995331528296,-3.96431724315284,-5.56864024954767,
untrained,untrained5,5011,65,0,none,8.5,341,0.445992934217154,-3.64421914142964,-4.60581639004038,
untrained,untrained5,5012,65,0,none,8.5,341,0.335923226332644,-0.467146809188622,-2.90330887546579,
untrained,untrained5,5013,65,0,none,8.5,341,0.421657593882871,-0.884879368179053,-4.23862884358645,
untrained,untrained5,5014,65,0,none,8.5,341,0.415665662650551,-1.3422038575058,-3.88080021046337,
untrained,untrained5,5015,65,0,none,8.5,341,0.406167278383847,-0.864379955501966,-3.91034908289801,
untrained,untrained5,5016,65,0,none,8.5,341,0.416334762893378,-1.86089028466217,-4.11083220055852,
untrained,untrained5,5017,65,0,none,8.5,341,0.41706071402966,-1.75003032905768,-4.14310078422091,
untrained,untrained5,5018,65,0,none,8.5,341,0.389732444324015,-1.29705732489092,-3.69445816445004,
untrained,untrained5,5019,65,0,ep>0.5m,8.4,337,0.503390744856925,-0.913778398659382,-50,
untrained,untrained5,5020,65,0,none,8.5,341,0.427825073157085,-1.74589524230983,-4.26044761129961,
untrained,untrained5,5021,65,0,none,8.5,341,0.468471734787804,-1.36943398320129,-5.15945928198876,
untrained,untrained5,5022,65,0,none,8.5,341,0.405393433325088,-1.99765726207056,-3.89119764042456,
untrained,untrained5,5023,65,0,none,8.5,341,0.407639088221513,-0.600982157162466,-3.94335565261328,
untrained,untrained5,5024,65,0,none,8.5,341,0.387594428275297,-1.80742799000161,-3.62267922365933,
untrained,untrained5,5025,65,0,ep>0.5m,8.05,323,0.504293413474572,-0.940118385623903,-50,
untrained,untrained5,5026,65,0,none,8.5,341,0.38874796050224,-0.659251877196387,-3.62956126879525,
untrained,untrained5,5027,65,0,none,8.5,341,0.376342339371081,-1.05061089283663,-3.52272743726212,
untrained,untrained5,5028,65,0,none,8.5,341,0.459948423113544,-2.30223984118431,-4.91464158782466,
untrained,untrained5,5029,65,0,none,8.5,341,0.478048985535057,-1.47202712240557,-5.22956175745179,
untrained,untrained5,5030,65,0,none,8.5,341,0.487066073622254,-3.51604509276205,-5.43545332142438,
untrained,untrained5,5031,65,0,none,8.5,341,0.39720361189844,-1.26629090419609,-3.67197057245471,
untrained,untrained5,5032,65,0,none,8.5,341,0.448542270279659,-0.933686882576121,-4.62795318393753,
untrained,untrained5,5033,65,0,none,8.5,341,0.401717709249864,-0.141351613102871,-3.87066952137929,
untrained,untrained5,5034,65,0,none,8.5,341,0.413045021616865,-1.1747289193546,-3.88601062480745,
untrained,untrained5,5035,65,0,none,8.5,341,0.415453593197767,-1.4829055627178,-4.10121621115493,
untrained,untrained5,5036,65,0,none,8.5,341,0.472058279951796,-1.15283789021398,-5.13032852858987,
untrained,untrained5,5037,65,0,none,8.5,341,0.409061853667403,-0.47326032034009,-3.96491996761797,
untrained,untrained5,5038,65,0,none,8.5,341,0.4722338388718,-3.59104162734773,-5.12874485932116,
untrained,untrained5,5039,65,0,none,8.5,341,0.4604784036786,-2.6115917840045,-4.90798698743565,
untrained,untrained5,5040,65,0,none,8.5,341,0.394841681405451,-0.728053140502181,-3.74055726731755,
cdr_p4,CDR2-4,83,66.4514054602867,3,none,8.5,341,0.174820115383436,5.63487488856029,1.06321338063702,
cdr_p4,CDR2-4,13,66.6477014787359,3,none,8.5,341,0.178064199575801,5.61673370330228,-0.454321983427566,
cdr_p4,CDR2-4,7,69.3633667665227,2,none,8.5,341,0.175763658074126,5.68223463202484,0.975168288980886,
cdr_p4,CDR2-4,97,69.8624347944196,2,none,8.5,341,0.184357562000581,3.84047565563996,0.936235263084426,
cdr_p4,CDR2-4,26,70.7904451243763,2,none,8.5,341,0.180866583803822,5.66117075862944,0.907419720888998,
cdr_p4,CDR2-4,14,71.0036954617466,2,none,8.5,341,0.178752740650446,5.73380148961976,1.0494483362725,
cdr_p4,CDR2-4,6,71.1080462832428,3,none,8.5,341,0.185046666033438,3.79783663568874,0.80242146162072,
cdr_p4,CDR2-4,96,74.0812528465306,2,none,8.5,341,0.180724336080644,5.64473211980366,-0.372081739036598,
cdr_p4,CDR2-4,78,74.0862367862316,2,none,8.5,341,0.181455559429365,5.6649012555786,0.905570049895182,
cdr_p4,CDR2-4,87,74.7503965901185,2,none,8.5,341,0.178115803670377,5.69300615798591,0.735130769380676,
cdr_p4,CDR2-4,88,75.768972367804,1,none,8.5,341,0.181856843629548,5.69553076575084,0.931046586815124,
cdr_p4,CDR2-4,65,78.9520332721786,1,none,8.5,341,0.179225650863255,5.70354116423509,1.12606107949896,
cdr_p4,CDR2-4,60,80.8584202526017,1,none,8.5,341,0.177729938426567,5.64589790287534,0.985972721479652,
cdr_p4,CDR2-4,22,81.3063106524002,2,none,8.5,341,0.175419557164379,5.69187809675177,1.08039760757643,
cdr_p4,CDR2-4,35,81.4182158403143,1,none,8.5,341,0.174308120697698,5.656855725216,0.996438983659629,
cdr_p4,CDR2-4,85,81.4699847349787,1,none,8.5,341,0.170491118150195,5.72231532181842,1.08825218415414,
cdr_p4,CDR2-4,3,82.5538186500375,1,none,8.5,341,0.175596451189867,5.73022304218899,0.910436251601376,
cdr_p4,CDR2-4,47,84.2836001684021,3,none,8.5,341,0.182622364741773,5.61314992363996,0.946701292618286,
cdr_p4,CDR2-4,56,86.7413971551401,3,none,8.5,341,0.182210957089354,5.66323230745131,0.834066011881745,
cdr_p4,CDR2-4,72,87.9799412984233,1,none,8.5,341,0.176826642392168,5.73633111546631,0.868155462372661,
cdr_p4,CDR2-4,10,88.1419573860386,3,none,8.5,341,0.164087017782647,5.68094289161089,1.08882347851274,
cdr_p4,CDR2-4,15,89.2123637117493,1,none,8.5,341,0.17614049732579,5.70709574223628,1.09033002520111,
cdr_p4,CDR2-4,76,89.2792187509412,3,none,8.5,341,0.180803292554504,3.82070474801715,0.685341604368687,
cdr_p4,CDR2-4,70,90.1538715026885,1,none,8.5,341,0.177796138450089,5.70404642339496,1.0668103398238,
cdr_p4,CDR2-4,25,90.4683614843124,1,none,8.5,341,0.178490501277481,5.73129142328982,1.00991711298283,
cdr_p4,CDR2-4,12,91.8591362305757,3,none,8.5,341,0.168452876779965,3.82692479971608,1.14697183881243,
cdr_p4,CDR2-4,31,91.951803918011,1,none,8.5,341,0.174461096645038,5.70448216314674,1.16917163638948,
cdr_p4,CDR2-4,41,93.069381628261,3,none,8.5,341,0.174443817660965,5.6048780090215,0.775880457646568,
cdr_p4,CDR2-4,42,93.1758288604889,2,none,8.5,341,0.175637599878494,5.58856118503832,0.970788002095982,
cdr_p4,CDR2-4,34,94.056108897698,2,none,8.5,341,0.170774785258397,5.7300141675423,0.830671079647794,
cdr_p4,CDR2-4,23,98.0296824818222,2,none,8.5,341,0.176623513521368,5.67214458277156,0.980471216739742,
cdr_p4,CDR2-4,51,99.0449522324676,1,none,8.5,341,0.174910310946972,5.73493192660754,1.08242697612718,
cdr_p4,CDR2-4,24,99.8896791601143,1,none,8.5,341,0.169887530804574,5.6977920605212,1.08539186383841,
cdr_p4,CDR2-4,81,103.574334988201,1,none,8.5,341,0.172447097031558,5.72994886484054,1.15247797395629,
cdr_p4,CDR2-4,36,104.590658961049,2,none,8.5,341,0.174421260096685,5.71658719528095,0.937470559691525,
cdr_p4,CDR2-4,20,105.160472895344,1,none,8.5,341,0.171530339221294,5.73004068995091,0.903884552348695,
cdr_p4,CDR2-4,17,105.40238644561,1,none,8.5,341,0.170756977757888,5.76498273000318,0.887853502247088,
cdr_p4,CDR2-4,28,105.627791231841,1,none,8.5,341,0.172767732855659,5.73151517778083,1.15777481575567,
cdr_p4,CDR2-4,90,108.153619098948,3,none,8.5,341,0.172695084179303,5.61872156302273,0.866073307876451,
cdr_p4,CDR2-4,95,108.800157271959,1,none,8.5,341,0.165410173845813,5.69871354660024,1.04820622172469,
cdr_p4,CDR2-4,69,109.936582990424,1,none,8.5,341,0.168234205761417,5.74713247602673,1.09939344295607,
cdr_p4,CDR2-4,59,112.66263234302,1,none,8.5,341,0.181042395512929,5.646117894341,0.96109879581436,
cdr_p4,CDR2-4,61,113.008049607945,3,none,8.5,341,0.175997520169235,5.70565741173348,1.09737615374162,
cdr_p4,CDR2-4,86,117.815320709663,1,none,8.5,341,0.172359946972073,5.7387955718599,0.928830683401987,
cdr_p4,CDR2-4,99,118.227865236801,2,none,8.5,341,0.170580694442609,5.67012945454052,1.10295073373937,
cdr_p4,CDR2-4,50,118.515426353597,2,none,8.5,341,0.185757498500669,5.67093029541562,1.10192368731962,
cdr_p4,CDR2-4,44,119.053178753428,3,none,8.5,341,0.180098346300158,5.71423415324037,0.967054864421983,
cdr_p4,CDR2-4,68,130.907641163863,2,none,8.5,341,0.166710753661012,5.74407119854219,1.13998303041062,
cdr_p4,CDR2-4,32,132.554205756876,1,none,8.5,341,0.168239667281092,5.69402697536557,1.0700308864443,
cdr_p4,CDR2-4,19,133.889242451955,2,none,8.5,341,0.171938977655631,5.71084002739581,1.0796764927584,
cdr_p4,CDR2-4,63,134.541400038951,2,none,8.5,341,0.176906884475543,5.66995221738738,1.01067610550586,
cdr_p4,CDR2-4,62,139.658751445842,1,none,8.5,341,0.174989068536919,5.71238510997232,1.11797695739347,
cdr_p4,CDR2-4,37,154.680139205796,1,none,8.5,341,0.155152225435495,5.74495223696103,1.22060346354952,
cdr_p4,CDR2-4,1,157.64932394071,1,none,8.5,341,0.184178335376173,5.72118648811812,0.965294444887358,
cdr_p4,CDR2-4,16,172.270468351813,3,none,8.5,341,0.17390620659886,5.67069508171826,0.963083809585213,
